ID,Case Number,Date,Block,IUCR,Primary Type,Description,Location Description,Arrest,Domestic,Beat,District,Ward,Community Area,FBI Code,X Coordinate,Y Coordinate,Year,Updated On,Latitude,Longitude,Location
HZ250601,05/03/2016 01:30:00 PM,057XX S COTTAGE GROVE AVE,ASSAULT,41.790704614,-87.606141486
HZ240110,04/25/2016 07:12:00 PM,003XX E 47TH ST,DECEPTIVE PRACTICE,41.809340827,-87.619234738
HZ250681,05/04/2016 08:00:00 AM,007XX E 37TH ST,BATTERY,41.827851531,-87.608377666
HZ257880,04/29/2016 02:30:00 PM,0000X E 35TH ST,ROBBERY,41.831122218,-87.62590563
HZ252392,05/05/2016 02:20:00 PM,001XX W 79TH ST,THEFT,41.75089655,-87.627813307
HZ254046,05/06/2016 10:00:00 AM,077XX S PHILLIPS AVE,DECEPTIVE PRACTICE,41.754772559,-87.565078555
HZ254934,05/06/2016 11:00:00 AM,040XX S CALUMET AVE,MOTOR VEHICLE THEFT,41.821347845,-87.618484999
HZ255239,05/06/2016 01:00:00 AM,022XX E 70TH PL,ROBBERY,41.767114711,-87.571005271
HZ255731,05/07/2016 11:35:00 PM,067XX S CONSTANCE AVE,SEX OFFENSE,41.772951871,-87.580167052
HZ217842,04/08/2016 08:30:00 AM,005XX E 72ND ST,BURGLARY,41.763943444,-87.611982247
HZ218688,04/08/2016 09:23:00 PM,068XX S LANGLEY AVE,BATTERY,41.770343732,-87.608153082
HZ257345,05/08/2016 09:00:00 PM,027XX S CROWELL ST,MOTOR VEHICLE THEFT,41.844382844,-87.657406368
HZ256176,05/08/2016 11:58:00 AM,061XX S KIMBARK AVE,ROBBERY,41.783411475,-87.594710897
HZ257083,05/09/2016 07:30:00 AM,062XX S MICHIGAN AVE,BATTERY,41.780946398,-87.621995369
HZ257642,05/09/2016 03:05:00 PM,002XX E 43RD ST,OTHER OFFENSE,41.816573417,-87.620790527
HZ257634,05/09/2016 08:15:00 AM,077XX S SOUTH SHORE DR,ASSAULT,41.756623356,-87.55303151
HZ257876,05/09/2016 05:15:00 PM,078XX S SAGINAW AVE,OTHER OFFENSE,41.752860968,-87.559937621
HZ258239,05/09/2016 11:41:00 PM,065XX S DR MARTIN LUTHER KING JR DR,NARCOTICS,41.776150283,-87.615522623
HZ258340,05/09/2016 06:20:00 PM,069XX S MERRILL AVE,THEFT,41.769014078,-87.572709347
HZ258820,05/09/2016 08:15:00 PM,053XX S CORNELL AVE,THEFT,41.798879058,-87.585504059
HZ259384,05/09/2016 02:00:00 PM,078XX S RIDGELAND AVE,CRIMINAL DAMAGE,41.75242904,-87.582111151
HZ258329,05/10/2016 02:15:00 AM,068XX S RIDGELAND AVE,BATTERY,41.771002776,-87.582583655
HZ258387,05/10/2016 03:00:00 AM,074XX S RHODES AVE,BATTERY,41.759546726,-87.61148904
HZ258591,05/10/2016 10:30:00 AM,018XX E 72ND ST,ASSAULT,41.764293597,-87.580162023
HZ259423,05/10/2016 08:30:00 PM,072XX S DORCHESTER AVE,ROBBERY,41.763968536,-87.590934926
HZ259492,05/10/2016 09:33:00 PM,063XX S STONY ISLAND AVE,OTHER OFFENSE,41.780155491,-87.586451255
HZ259537,05/10/2016 10:30:00 PM,016XX E 53RD ST,DECEPTIVE PRACTICE,41.799594757,-87.58499696
HZ260147,05/11/2016 12:45:00 PM,071XX S INDIANA AVE,CRIMINAL DAMAGE,41.765157518,-87.620069455
HZ260083,05/11/2016 11:55:00 AM,071XX S PRAIRIE AVE,BURGLARY,41.764873084,-87.618459782
HZ260700,05/11/2016 07:20:00 PM,020XX S WELLS ST,THEFT,41.855215474,-87.632849362
HZ261159,05/11/2016 06:00:00 PM,072XX S RIDGELAND AVE,CRIMINAL DAMAGE,41.763866362,-87.582391946
HZ261256,05/11/2016 07:00:00 PM,076XX S STONY ISLAND AVE,THEFT,41.756714109,-87.586085395
HZ271828,05/13/2016 04:00:00 AM,004XX E 41ST ST,THEFT,41.820248497,-87.616020877
HZ263820,05/14/2016 02:20:00 AM,072XX S STONY ISLAND AVE,NARCOTICS,41.763092898,-87.586245973
HZ264210,05/14/2016 11:50:00 AM,004XX E 35TH ST,BATTERY,41.831164576,-87.616361345
HZ264645,05/14/2016 06:29:00 PM,001XX E 36TH ST,NARCOTICS,41.829612547,-87.622741056
HZ265757,05/15/2016 05:20:00 PM,011XX E 42ND PL,BATTERY,41.818031853,-87.599196025
HZ266131,05/15/2016 11:56:00 PM,075XX S PHILLIPS AVE,BURGLARY,41.758272018,-87.565150437
HZ238087,04/24/2016 09:40:00 AM,005XX E 77TH ST,BATTERY,41.754836322,-87.61086381
HZ237931,04/24/2016 04:00:00 AM,049XX S WABASH AVE,CRIMINAL DAMAGE,41.804827967,-87.624346396
HZ240512,04/26/2016 08:00:00 AM,003XX W 51ST PL,BATTERY,41.80088292,-87.633947547
HZ245700,04/30/2016 07:30:00 AM,068XX S PERRY AVE,THEFT,41.770318159,-87.628293372
HZ252213,05/05/2016 12:00:00 PM,076XX S SOUTH CHICAGO AVE,ROBBERY,41.756550472,-87.592600053
HZ250417,05/03/2016 10:30:00 AM,057XX S INDIANA AVE,DECEPTIVE PRACTICE,41.790485983,-87.620738482
HZ255685,05/07/2016 10:50:00 PM,046XX S EVANS AVE,CRIMINAL DAMAGE,41.810693619,-87.607826536
HZ265466,05/15/2016 11:30:00 AM,002XX E 46TH ST,THEFT,41.811139824,-87.620359218
HZ269725,05/02/2016 01:56:00 PM,071XX S STONY ISLAND AVE,DECEPTIVE PRACTICE,41.765763563,-87.586317625
HZ267670,05/16/2016 09:00:00 PM,053XX S INGLESIDE AVE,MOTOR VEHICLE THEFT,41.799023412,-87.602820085
HZ267899,05/17/2016 08:06:00 AM,002XX E PERSHING RD,BATTERY,41.823798151,-87.619756522
HZ268451,05/17/2016 02:45:00 PM,030XX S HALSTED ST,THEFT,41.839410287,-87.646313633
HZ268998,05/18/2016 02:08:00 AM,070XX S STONY ISLAND AVE,NARCOTICS,41.767448959,-87.585957168
HZ270403,05/18/2016 09:30:00 PM,070XX S WABASH AVE,CRIMINAL DAMAGE,41.766909392,-87.62333445
HZ270253,05/17/2016 06:00:00 PM,065XX S DR MARTIN LUTHER KING JR DR,OFFENSE INVOLVING CHILDREN,41.775870339,-87.615518412
HZ270355,05/19/2016 02:00:00 AM,003XX E MARQUETTE RD,BATTERY,41.772918115,-87.618260478
HZ270375,05/19/2016 03:50:00 AM,054XX S UNIVERSITY AVE,ROBBERY,41.797121863,-87.598125477
HZ272625,05/20/2016 05:10:00 PM,001XX W 35TH ST,DECEPTIVE PRACTICE,41.830954079,-87.630703226
HZ272832,05/20/2016 07:00:00 PM,052XX S WELLS ST,CRIMINAL DAMAGE,41.799336739,-87.631958253
HZ274795,05/22/2016 11:45:00 AM,043XX S GREENWOOD AVE,CRIMINAL DAMAGE,41.816087456,-87.599397984
HZ275376,05/22/2016 07:25:00 PM,051XX S KENWOOD AVE,DECEPTIVE PRACTICE,41.801732477,-87.593458926
HZ276219,05/22/2016 04:00:00 PM,061XX S WABASH AVE,CRIMINAL DAMAGE,41.782842728,-87.623774676
HZ283224,05/20/2016 10:10:00 AM,056XX S MICHIGAN AVE,OTHER OFFENSE,41.792164799,-87.622399402
HZ276724,05/23/2016 04:41:00 PM,060XX S ST LAWRENCE AVE,WEAPONS VIOLATION,41.785334017,-87.610921185
HZ283339,05/23/2016 08:00:00 AM,023XX E 68TH ST,THEFT,41.771724282,-87.567578071
HZ234121,04/21/2016 12:01:00 AM,074XX S STATE ST,BATTERY,41.758970818,-87.624778076
HZ278627,05/25/2016 02:50:00 AM,064XX S DR MARTIN LUTHER KING JR DR,CRIMINAL DAMAGE,41.777783389,-87.615563072
HZ278939,05/25/2016 10:34:00 AM,075XX S PHILLIPS AVE,MOTOR VEHICLE THEFT,41.758085371,-87.565145333
HZ280202,05/25/2016 10:00:00 PM,043XX S ST LAWRENCE AVE,ASSAULT,41.816145737,-87.611627861
HZ274843,05/21/2016 09:36:00 PM,032XX S LOWE AVE,OTHER OFFENSE,41.835663847,-87.64256673
HZ287192,05/21/2016 01:50:00 AM,005XX E 47TH ST,DECEPTIVE PRACTICE,41.809434463,-87.613133735
HZ280233,05/26/2016 09:00:00 AM,065XX S VERNON AVE,ROBBERY,41.776172995,-87.614327205
HZ280206,05/26/2016 08:25:00 AM,007XX E 79TH ST,BATTERY,41.751270583,-87.605938082
HZ280603,05/26/2016 01:00:00 PM,068XX S DR MARTIN LUTHER KING JR DR,OTHER OFFENSE,41.7700927,-87.615373878
HZ280938,05/26/2016 05:43:00 PM,073XX S ST LAWRENCE AVE,BATTERY,41.761317692,-87.610321951
HZ281711,05/27/2016 09:15:00 AM,062XX S MICHIGAN AVE,CRIMINAL DAMAGE,41.780946398,-87.621995369
HZ282336,05/27/2016 04:00:00 PM,001XX E 75TH ST,CRIMINAL DAMAGE,41.758310586,-87.620526452
HZ284316,05/29/2016 04:45:00 AM,001XX W 72ND ST,BATTERY,41.763647648,-87.627541679
HZ284610,05/29/2016 11:35:00 AM,008XX E 49TH ST,BATTERY,41.805903047,-87.605804587
HZ285114,05/29/2016 06:29:00 PM,054XX S WENTWORTH AVE,INTERFERENCE WITH PUBLIC OFFICER,41.794893197,-87.630521478
HZ275828,05/22/2016 09:30:00 PM,001XX E GARFIELD BLVD,BATTERY,41.794703902,-87.62205963
HZ285870,05/30/2016 11:00:00 AM,062XX S DORCHESTER AVE,THEFT,41.782028888,-87.591386599
HZ285895,05/30/2016 12:06:00 PM,067XX S PERRY AVE,ASSAULT,41.771973284,-87.628344899
HZ286253,05/30/2016 05:04:00 PM,071XX S DR MARTIN LUTHER KING JR DR,OTHER OFFENSE,41.764806456,-87.615256871
HZ131224,01/27/2016 11:13:00 PM,064XX S MARYLAND AVE,BATTERY,41.778222388,-87.604651032
HZ131854,01/27/2016 07:00:00 PM,060XX S HARPER AVE,THEFT,41.784754925,-87.588143196
HZ131313,01/28/2016 03:00:00 AM,005XX W 76TH ST,BATTERY,41.756180544,-87.637914858
HZ132692,01/28/2016 10:00:00 PM,070XX S CHAPPEL AVE,CRIMINAL DAMAGE,41.767229663,-87.575105758
HZ133104,01/28/2016 09:30:00 AM,070XX S EAST END AVE,BURGLARY,41.766948171,-87.582806879
HZ137046,01/28/2016 02:00:00 PM,035XX S LOWE AVE,THEFT,41.829861652,-87.642430975
HZ128880,01/26/2016 12:10:00 AM,069XX S CORNELL AVE,BURGLARY,41.768871442,-87.584415712
HZ218938,04/09/2016 03:30:00 AM,002XX E 71ST ST,BATTERY,41.765620989,-87.619576803
HZ132924,01/29/2016 07:10:00 AM,044XX S WELLS ST,BATTERY,41.814037201,-87.632304119
HZ133691,01/29/2016 08:30:00 PM,075XX S SAGINAW AVE,THEFT,41.758193816,-87.560038524
HZ220931,04/10/2016 05:30:00 PM,0000X W 79TH ST,CRIMINAL TRESPASS,41.750940757,-87.625185222
HZ222597,04/10/2016 06:00:00 PM,061XX S INGLESIDE AVE,ASSAULT,41.783473888,-87.602754624
HZ225431,04/09/2016 09:00:00 AM,030XX S DR MARTIN LUTHER KING JR DR,BATTERY,41.83981113,-87.617141911
HZ219683,04/09/2016 04:11:00 PM,063XX S COTTAGE GROVE AVE,THEFT,41.779511964,-87.605912319
HZ227354,03/29/2016 10:00:00 PM,027XX S DEARBORN ST,OTHER OFFENSE,41.844000177,-87.628442902
HZ222209,04/11/2016 08:00:00 AM,055XX S WABASH AVE,BURGLARY,41.793925981,-87.624070502
HZ222150,04/11/2016 05:45:00 PM,0000X E GARFIELD BLVD,ASSAULT,41.794672085,-87.623570871
HZ222881,04/11/2016 01:30:00 PM,078XX S PRAIRIE AVE,BATTERY,41.752151511,-87.618179506
HZ222827,04/12/2016 09:35:00 AM,043XX S VERNON AVE,ROBBERY,41.81642644,-87.615256471
HZ223159,04/12/2016 01:09:00 PM,034XX S DR MARTIN LUTHER KING JR DR,THEFT,41.832329279,-87.616983146
HZ223355,04/12/2016 02:56:00 PM,073XX S SOUTH SHORE DR,DECEPTIVE PRACTICE,41.763448937,-87.560008415
HZ223466,04/12/2016 04:50:00 PM,0000X E 75TH ST,THEFT,41.758214815,-87.624119338
HZ223439,04/12/2016 08:00:00 AM,053XX S DR MARTIN LUTHER KING JR DR,THEFT,41.798011899,-87.616063534
HZ223733,04/12/2016 08:00:00 PM,071XX S EAST END AVE,THEFT,41.765068345,-87.583649864
HZ223789,04/12/2016 09:33:00 PM,068XX S STONY ISLAND AVE,ROBBERY,41.771043279,-87.586271034
HZ224586,04/13/2016 06:50:00 AM,061XX S RHODES AVE,MOTOR VEHICLE THEFT,41.783178859,-87.612089341
HZ224532,04/13/2016 12:10:00 AM,065XX S COTTAGE GROVE AVE,BATTERY,41.776322631,-87.605838376
HZ225156,04/13/2016 09:30:00 PM,050XX S PRAIRIE AVE,BURGLARY,41.803085105,-87.619432573
HZ226444,04/13/2016 08:00:00 PM,009XX E 47TH ST,CRIM SEXUAL ASSAULT,41.809569293,-87.603624629
HZ230446,04/10/2016 09:00:00 AM,051XX S KENWOOD AVE,DECEPTIVE PRACTICE,41.801894401,-87.593460731
HZ232143,04/02/2016 09:00:00 AM,069XX S DORCHESTER AVE,MOTOR VEHICLE THEFT,41.768428795,-87.591055791
HZ225262,04/14/2016 02:00:00 AM,031XX S MICHIGAN AVE,THEFT,41.837871585,-87.623435005
HZ225773,04/14/2016 02:42:00 PM,054XX S WENTWORTH AVE,THEFT,41.795991039,-87.630542489
HZ100078,01/01/2016 01:00:00 AM,002XX E 35TH ST,BATTERY,41.831061814,-87.621459125
HZ101448,01/02/2016 09:00:00 AM,068XX S EAST END AVE,CRIMINAL DAMAGE,41.770813077,-87.58379193
HZ101596,01/02/2016 11:00:00 AM,004XX E 61ST ST,CRIMINAL DAMAGE,41.783890879,-87.615355627
HZ101784,01/02/2016 03:52:00 PM,047XX S COTTAGE GROVE AVE,THEFT,41.808981361,-87.606551046
HZ100857,01/01/2016 04:48:00 PM,046XX S LAKE PARK AVE,THEFT,41.810610708,-87.593536505
HZ103295,01/03/2016 11:00:00 PM,004XX E 30TH ST,CRIMINAL DAMAGE,41.839694322,-87.615135847
HZ103866,01/04/2016 03:50:00 PM,069XX S INDIANA AVE,BATTERY,41.769022335,-87.620206266
HZ104334,01/04/2016 10:00:00 PM,078XX S ELLIS AVE,THEFT,41.752332872,-87.600362934
HZ105950,01/06/2016 12:00:00 PM,029XX S ARCHER AVE,CRIMINAL DAMAGE,41.841216213,-87.658848924
HZ106169,01/06/2016 02:30:00 PM,011XX E 46TH ST,ROBBERY,41.811442095,-87.598647689
HZ106496,01/06/2016 07:00:00 PM,076XX S GREENWOOD AVE,CRIM SEXUAL ASSAULT,41.756595889,-87.597532667
HZ106597,01/06/2016 08:57:00 PM,008XX E 79TH ST,CRIMINAL DAMAGE,41.751305337,-87.603628907
HZ107459,01/07/2016 04:20:00 PM,075XX S PHILLIPS AVE,BATTERY,41.758140253,-87.565144678
HZ107679,01/07/2016 07:30:00 PM,061XX S INDIANA AVE,BATTERY,41.783050539,-87.620549493
HZ108201,01/02/2016 12:00:00 PM,071XX S CHAMPLAIN AVE,DECEPTIVE PRACTICE,41.765284436,-87.609210747
HZ109909,01/09/2016 02:00:00 PM,037XX S WENTWORTH AVE,DECEPTIVE PRACTICE,41.82618602,-87.63139377
HZ109897,01/07/2016 11:00:00 AM,030XX E CHELTENHAM PL,THEFT,41.752267133,-87.551669667
HZ110199,01/09/2016 09:12:00 PM,072XX S SOUTH SHORE DR,BATTERY,41.764739071,-87.561279511
HZ110929,01/10/2016 03:57:00 PM,071XX S STATE ST,OTHER OFFENSE,41.765102317,-87.624897558
HZ112092,01/11/2016 05:15:00 PM,031XX S HALSTED ST,NARCOTICS,41.837489008,-87.646264459
HZ112053,01/11/2016 01:00:00 PM,054XX S CORNELL AVE,BATTERY,41.797383158,-87.585462773
HZ111206,01/10/2016 10:30:00 PM,065XX S COTTAGE GROVE AVE,OTHER OFFENSE,41.776322631,-87.605838376
HZ113603,01/13/2016 12:48:00 AM,031XX S GREEN ST,DECEPTIVE PRACTICE,41.83663482,-87.647521261
HZ225384,04/14/2016 08:55:00 AM,048XX S DREXEL BLVD,ASSAULT,41.807210904,-87.604322622
HZ114299,01/13/2016 02:22:00 PM,001XX W 79TH ST,THEFT,41.75089655,-87.627813307
HZ117677,01/16/2016 11:00:00 AM,013XX W 31ST PL,THEFT,41.836962965,-87.659377976
HZ118176,01/16/2016 06:10:00 PM,010XX E 43RD ST,THEFT,41.816875045,-87.601546052
HZ118145,01/16/2016 05:00:00 PM,038XX S MICHIGAN AVE,CRIMINAL DAMAGE,41.824933076,-87.623104662
HZ118298,01/16/2016 01:30:00 PM,068XX S PRAIRIE AVE,ROBBERY,41.770642516,-87.618608346
HZ118525,01/17/2016 02:40:00 AM,007XX E 75TH ST,CRIMINAL DAMAGE,41.758564498,-87.606302868
HZ119415,01/18/2016 05:15:00 AM,042XX S DR MARTIN LUTHER KING JR DR,MOTOR VEHICLE THEFT,41.817135916,-87.616807652
HZ119778,01/18/2016 02:00:00 PM,068XX S OGLESBY AVE,OTHER OFFENSE,41.771073064,-87.568278663
HZ119843,01/17/2016 01:30:00 AM,055XX S EVERETT AVE,THEFT,41.794570294,-87.582521379
HZ120060,01/18/2016 04:30:00 PM,072XX S STONY ISLAND AVE,THEFT,41.763781977,-87.585864104
HZ121115,01/19/2016 05:59:00 PM,066XX S INGLESIDE AVE,PUBLIC PEACE VIOLATION,41.774449537,-87.602145833
HZ121308,01/19/2016 04:45:00 PM,003XX W 47TH ST,CRIMINAL DAMAGE,41.809076327,-87.634232572
HZ121551,01/19/2016 04:30:00 PM,078XX S ESCANABA AVE,BATTERY,41.752771833,-87.554056666
HZ122280,01/20/2016 01:15:00 PM,047XX S COTTAGE GROVE AVE,DECEPTIVE PRACTICE,41.809305232,-87.606558389
HZ122530,01/20/2016 11:00:00 AM,006XX E 42ND ST,DECEPTIVE PRACTICE,41.818532393,-87.611054448
HZ122753,01/20/2016 10:43:00 PM,046XX S DR MARTIN LUTHER KING JR DR,MOTOR VEHICLE THEFT,41.809996795,-87.616604776
HZ122778,01/21/2016 01:45:00 AM,003XX E 51ST ST,THEFT,41.802064797,-87.618640688
HZ123098,01/21/2016 10:00:00 AM,069XX S INDIANA AVE,ROBBERY,41.768053438,-87.62018034
HZ123364,01/21/2016 02:05:00 PM,024XX E 75TH ST,BATTERY,41.759004171,-87.565064737
HZ124858,01/19/2016 10:00:00 PM,071XX S ST LAWRENCE AVE,THEFT,41.764984621,-87.610409076
HZ124847,01/22/2016 05:20:00 PM,068XX S DANTE AVE,CRIMINAL DAMAGE,41.770839645,-87.589568991
HZ124788,01/22/2016 11:30:00 AM,070XX S CLYDE AVE,BURGLARY,41.76735883,-87.573887243
HZ125661,01/22/2016 06:00:00 PM,071XX S STATE ST,CRIMINAL DAMAGE,41.764737283,-87.624890577
HZ125826,01/23/2016 12:00:00 PM,024XX S WALLACE ST,THEFT,41.848662889,-87.64202317
HZ126681,01/24/2016 06:45:00 AM,038XX S CALUMET AVE,MOTOR VEHICLE THEFT,41.82479034,-87.618233908
HZ127165,01/24/2016 04:10:00 PM,062XX S EBERHART AVE,CRIMINAL DAMAGE,41.781275961,-87.613225264
HZ127250,01/24/2016 03:15:00 PM,005XX E 45TH ST,THEFT,41.813081704,-87.612274858
HZ127069,01/24/2016 01:30:00 PM,038XX S UNION AVE,BURGLARY,41.824728209,-87.643524474
HZ128524,01/25/2016 04:00:00 PM,012XX E 71ST PL,BATTERY,41.765084959,-87.595115407
HZ226715,04/15/2016 08:30:00 AM,076XX S COLES AVE,CRIMINAL DAMAGE,41.756906454,-87.555523979
HZ132065,01/25/2016 02:00:00 AM,073XX S CRANDON AVE,DECEPTIVE PRACTICE,41.761771052,-87.568861998
HZ135200,01/31/2016 12:30:00 AM,045XX S MICHIGAN AVE,BATTERY,41.812607444,-87.622925375
HZ227117,04/15/2016 12:32:00 PM,076XX S BLACKSTONE AVE,CRIMINAL TRESPASS,41.756692906,-87.588313984
HZ227262,04/15/2016 04:15:00 PM,006XX E 76TH ST,CRIMINAL DAMAGE,41.756678631,-87.60969599
HZ136447,02/01/2016 09:00:00 AM,046XX S ELLIS AVE,ASSAULT,41.810729022,-87.601726053
HZ137165,02/01/2016 08:40:00 AM,065XX S COTTAGE GROVE AVE,BURGLARY,41.776322631,-87.605838376
HZ138049,02/02/2016 02:50:00 PM,011XX W 35TH ST,ASSAULT,41.830638056,-87.65435873
HZ138078,02/02/2016 12:45:00 PM,064XX S UNIVERSITY AVE,OFFENSE INVOLVING CHILDREN,41.778015745,-87.598061446
HZ227705,04/15/2016 09:08:00 PM,044XX S DREXEL BLVD,BATTERY,41.814489708,-87.604478527
HZ136737,02/01/2016 02:30:00 PM,0000X W 71ST ST,BATTERY,41.765444001,-87.626906181
HZ139476,02/03/2016 07:55:00 PM,049XX S CALUMET AVE,BATTERY,41.805151171,-87.618048882
HZ138919,02/03/2016 12:15:00 PM,076XX S KINGSTON AVE,BATTERY,41.756507401,-87.562686593
HZ139623,02/03/2016 10:44:00 PM,005XX E 76TH ST,BATTERY,41.756656402,-87.610960678
HZ139670,02/03/2016 11:32:00 PM,025XX E 72ND ST,PUBLIC PEACE VIOLATION,41.765531711,-87.56284619
HZ141439,02/03/2016 02:30:00 PM,017XX E 72ND ST,CRIMINAL TRESPASS,41.764272595,-87.581984007
HZ145478,01/12/2016 12:00:00 PM,047XX S LAKE PARK AVE,CRIMINAL DAMAGE,41.809297059,-87.591967028
HZ139868,02/04/2016 08:50:00 AM,078XX S JEFFERY BLVD,ASSAULT,41.752542654,-87.57600793
HZ141180,02/05/2016 01:13:00 AM,075XX S SOUTH SHORE DR,OTHER OFFENSE,41.76015578,-87.556752911
HZ141396,02/05/2016 02:00:00 PM,035XX S STATE ST,THEFT,41.830750796,-87.626643572
HZ141545,02/05/2016 03:00:00 PM,001XX W 79TH ST,THEFT,41.75089655,-87.627813307
HZ227960,04/16/2016 03:19:00 AM,002XX E 60TH ST,BURGLARY,41.785632727,-87.620077223
HZ142813,02/05/2016 10:30:00 PM,075XX S CHAMPLAIN AVE,MOTOR VEHICLE THEFT,41.757706281,-87.609028392
HZ142019,02/06/2016 12:05:00 AM,001XX E GARFIELD BLVD,BATTERY,41.794705533,-87.621879919
HZ142628,02/06/2016 02:14:00 PM,007XX E 38TH PL,OTHER OFFENSE,41.824902067,-87.609346517
HZ144808,02/06/2016 09:30:00 PM,047XX S CALUMET AVE,THEFT,41.80890316,-87.618139193
HZ143150,02/07/2016 01:40:00 AM,065XX S KIMBARK AVE,BATTERY,41.776195719,-87.594551732
HZ143241,02/07/2016 05:05:00 AM,062XX S LANGLEY AVE,BATTERY,41.781270337,-87.608403957
HZ143488,02/07/2016 11:00:00 AM,062XX S MICHIGAN AVE,CRIMINAL DAMAGE,41.780946398,-87.621995369
HZ144126,02/08/2016 02:30:00 AM,040XX S CALUMET AVE,BATTERY,41.821518024,-87.618490443
HZ145044,02/08/2016 07:22:00 PM,073XX S STATE ST,THEFT,41.761122587,-87.624816714
HZ146411,02/10/2016 03:00:00 AM,004XX E 43RD ST,BURGLARY,41.816670632,-87.61480986
HZ146927,02/10/2016 01:35:00 PM,021XX S CLARK ST,CRIMINAL TRESPASS,41.853788266,-87.630123011
HZ147517,02/10/2016 11:20:00 PM,073XX S PHILLIPS AVE,CRIMINAL DAMAGE,41.761988329,-87.564820216
HZ150361,02/10/2016 05:00:00 AM,067XX S JEFFERY BLVD,BURGLARY,41.772812361,-87.576477067
HZ150708,02/13/2016 06:30:00 PM,052XX S BLACKSTONE AVE,BATTERY,41.800491933,-87.590462151
HZ147822,02/11/2016 03:38:00 AM,004XX E 71ST ST,CRIMINAL DAMAGE,41.765738121,-87.613717946
HZ148438,02/11/2016 06:30:00 PM,034XX S DR MARTIN LUTHER KING JR DR,THEFT,41.832350776,-87.617349841
HZ148627,02/11/2016 09:40:00 PM,0000X W 69TH ST,BATTERY,41.769185486,-87.625732415
HZ148887,02/12/2016 01:30:00 AM,007XX E 38TH ST,CRIMINAL DAMAGE,41.825792827,-87.609167709
HZ149728,02/12/2016 09:10:00 PM,002XX W 31ST ST,ASSAULT,41.838225299,-87.632322759
HZ150060,02/12/2016 11:00:00 PM,010XX W 32ND ST,CRIMINAL DAMAGE,41.836153675,-87.651981262
HZ135012,01/30/2016 11:00:00 PM,045XX S CALUMET AVE,CRIM SEXUAL ASSAULT,41.812534475,-87.618241859
HZ152995,02/16/2016 02:22:00 AM,049XX S VINCENNES AVE,BATTERY,41.805067435,-87.613868524
HZ153773,02/16/2016 01:00:00 PM,073XX S ST LAWRENCE AVE,ROBBERY,41.761540011,-87.610326786
HZ154457,02/16/2016 09:30:00 PM,032XX S CANAL ST,ASSAULT,41.835637182,-87.637693861
HZ229205,04/17/2016 02:00:00 AM,078XX S EXCHANGE AVE,BATTERY,41.752762491,-87.553488733
HZ155441,02/18/2016 03:41:00 AM,072XX S PHILLIPS AVE,BATTERY,41.763732361,-87.565440855
HZ156224,02/18/2016 05:10:00 PM,071XX S WENTWORTH AVE,THEFT,41.764978513,-87.629759392
HZ156733,02/19/2016 06:20:00 AM,071XX S CHAMPLAIN AVE,CRIMINAL DAMAGE,41.765171905,-87.609208347
HZ157381,02/19/2016 03:20:00 PM,027XX S DEARBORN ST,CRIMINAL TRESPASS,41.844000177,-87.628442902
HZ157732,02/19/2016 04:45:00 PM,042XX S COTTAGE GROVE AVE,CRIMINAL TRESPASS,41.81811276,-87.60674129
HZ159982,02/21/2016 02:40:00 PM,074XX S PRINCETON AVE,CRIMINAL DAMAGE,41.759224118,-87.632069012
HZ160355,02/21/2016 09:43:00 PM,002XX W 24TH PL,WEAPONS VIOLATION,41.848228689,-87.633314637
HZ163821,02/17/2016 10:00:00 AM,075XX S CREGIER AVE,MOTOR VEHICLE THEFT,41.75834963,-87.581026863
HZ164750,02/17/2016 05:30:00 PM,072XX S COLES AVE,BURGLARY,41.764152884,-87.562668418
HZ164934,02/22/2016 02:45:00 PM,074XX S CALUMET AVE,SEX OFFENSE,41.759302333,-87.61672567
HZ162662,02/23/2016 07:00:00 AM,011XX E 46TH ST,CRIMINAL DAMAGE,41.811446152,-87.598423885
HZ162688,02/23/2016 11:55:00 AM,077XX S RHODES AVE,THEFT,41.753887157,-87.611358218
HZ162487,02/23/2016 03:22:00 PM,078XX S OGLESBY AVE,BURGLARY,41.752763208,-87.567466321
HZ163044,02/23/2016 07:00:00 AM,061XX S EBERHART AVE,BURGLARY,41.783455232,-87.613274211
HZ230417,04/17/2016 08:00:00 AM,072XX S HARVARD AVE,CRIMINAL DAMAGE,41.762838157,-87.633385856
HZ163056,02/24/2016 04:35:00 AM,062XX S VERNON AVE,CRIMINAL DAMAGE,41.78146195,-87.614440445
HZ163678,02/24/2016 04:03:00 PM,070XX S SOUTH CHICAGO AVE,CRIMINAL DAMAGE,41.767014239,-87.607178865
HZ163631,02/24/2016 02:50:00 PM,053XX S KENWOOD AVE,NARCOTICS,41.798414583,-87.593449415
HZ163918,02/24/2016 08:30:00 AM,069XX S EAST END AVE,THEFT,41.768998481,-87.582856296
HZ164582,02/25/2016 12:08:00 PM,054XX S STATE ST,BATTERY,41.795868205,-87.625732367
HZ164989,02/25/2016 05:34:00 PM,024XX S CANAL ST,THEFT,41.848564305,-87.638420012
HZ165150,02/25/2016 08:49:00 PM,067XX S STONY ISLAND AVE,BATTERY,41.773109884,-87.586294711
HZ165457,02/25/2016 11:13:00 AM,069XX S WABASH AVE,CRIMINAL DAMAGE,41.768729167,-87.623384033
HZ166380,02/26/2016 10:00:00 AM,071XX S EAST END AVE,BURGLARY,41.765175389,-87.583652283
HZ233078,04/07/2016 01:00:00 PM,029XX S STATE ST,THEFT,41.841350479,-87.626860911
HZ167064,02/27/2016 12:45:00 PM,075XX S CHAMPLAIN AVE,BATTERY,41.757612958,-87.609025777
HZ167663,02/27/2016 01:00:00 PM,029XX S FEDERAL ST,THEFT,41.841471897,-87.629204627
HZ167827,02/28/2016 06:00:00 AM,049XX S COTTAGE GROVE AVE,BATTERY,41.804996145,-87.606467715
HZ168545,02/28/2016 07:35:00 PM,014XX E 68TH ST,BATTERY,41.771469359,-87.590613824
HZ230365,04/18/2016 01:30:00 AM,069XX S VERNON AVE,BATTERY,41.76870453,-87.614128347
HZ169767,02/29/2016 05:45:00 PM,078XX S WABASH AVE,THEFT,41.751435027,-87.623010261
HZ169714,02/29/2016 06:13:00 PM,029XX S LYMAN ST,BATTERY,41.840904728,-87.653494217
HZ170433,02/29/2016 11:00:00 AM,003XX W 75TH ST,ASSAULT,41.758099688,-87.633089162
HZ170457,03/01/2016 11:37:00 AM,004XX E 79TH ST,NARCOTICS,41.751149128,-87.613232258
HZ171457,03/01/2016 10:00:00 AM,020XX E 75TH ST,ASSAULT,41.758882132,-87.575614529
HZ171528,03/01/2016 08:00:00 PM,023XX E 69TH ST,THEFT,41.769878112,-87.569337612
HZ236807,04/16/2016 10:30:00 PM,044XX S VINCENNES AVE,OTHER OFFENSE,41.813643912,-87.613966969
HZ171639,03/02/2016 09:29:00 AM,035XX S MICHIGAN AVE,NARCOTICS,41.830611847,-87.623247369
HZ171939,03/02/2016 01:46:00 PM,070XX S CHAPPEL AVE,NARCOTICS,41.767229663,-87.575105758
HZ172165,03/02/2016 11:00:00 AM,016XX E 75TH ST,MOTOR VEHICLE THEFT,41.758772251,-87.585229528
HZ230553,04/18/2016 09:01:00 AM,071XX S EBERHART AVE,BATTERY,41.764755523,-87.612819881
HZ230938,04/18/2016 01:50:00 PM,0000X E 51ST ST,WEAPONS VIOLATION,41.801980921,-87.623702939
HZ176030,03/05/2016 07:53:00 PM,069XX S STONY ISLAND AVE,OTHER OFFENSE,41.768505694,-87.585985225
HZ176763,03/06/2016 02:30:00 AM,065XX S VERNON AVE,BATTERY,41.775876563,-87.614319517
HZ177190,03/06/2016 08:44:00 PM,003XX E 56TH ST,CRIMINAL DAMAGE,41.792960866,-87.618455799
HZ176983,03/06/2016 04:00:00 PM,015XX E 53RD ST,BATTERY,41.799545853,-87.588874056
HZ178104,03/06/2016 06:00:00 PM,043XX S EVANS AVE,CRIMINAL DAMAGE,41.815746485,-87.607930921
HZ177579,03/07/2016 08:40:00 AM,065XX S DR MARTIN LUTHER KING JR DR,BATTERY,41.775815434,-87.615515359
HZ178298,03/07/2016 04:48:00 PM,004XX E 47TH ST,BATTERY,41.809398439,-87.615709106
HZ178806,03/07/2016 09:00:00 PM,059XX S INDIANA AVE,MOTOR VEHICLE THEFT,41.786986441,-87.620645234
HZ231480,04/18/2016 09:50:00 PM,076XX S DREXEL AVE,BATTERY,41.756330877,-87.602879293
HZ179575,03/08/2016 04:08:00 PM,074XX S CHAPPEL AVE,BATTERY,41.759945107,-87.574923958
HZ179900,03/08/2016 08:03:00 PM,006XX E 40TH ST,THEFT,41.821454881,-87.611028943
HZ230584,04/18/2016 08:00:00 AM,078XX S JEFFERY BLVD,ASSAULT,41.752432866,-87.576005556
HZ180268,03/09/2016 06:55:00 AM,060XX S WABASH AVE,BATTERY,41.785027554,-87.623834919
HZ181113,03/09/2016 05:40:00 PM,058XX S WOODLAWN AVE,DECEPTIVE PRACTICE,41.789168887,-87.596404915
HZ181737,03/10/2016 10:30:00 AM,071XX S EAST END AVE,BURGLARY,41.765370266,-87.583657345
HZ181895,03/10/2016 01:09:00 PM,067XX S ST LAWRENCE AVE,BATTERY,41.772324029,-87.610594282
HZ182160,03/10/2016 03:15:00 PM,063XX S CALUMET AVE,ASSAULT,41.778754713,-87.617297398
HZ182496,03/10/2016 07:40:00 PM,016XX E 79TH ST,NARCOTICS,41.751507727,-87.583910288
HZ182617,03/10/2016 11:00:00 PM,047XX S ELLIS AVE,BATTERY,41.80891207,-87.601688039
HZ182973,03/11/2016 04:00:00 AM,065XX S DR MARTIN LUTHER KING JR DR,THEFT,41.775648021,-87.615513559
HZ183949,03/11/2016 11:41:00 PM,066XX S DREXEL AVE,ASSAULT,41.774213006,-87.603358312
HZ184111,03/11/2016 07:30:00 PM,073XX S BLACKSTONE AVE,CRIMINAL DAMAGE,41.761158636,-87.588430933
HZ231633,04/19/2016 03:00:00 AM,024XX E 76TH ST,BATTERY,41.757195603,-87.564642834
HZ184099,03/12/2016 04:45:00 AM,003XX E 79TH ST,BURGLARY,41.751098403,-87.616091309
HZ184919,03/12/2016 07:35:00 PM,049XX S DR MARTIN LUTHER KING JR DR,ASSAULT,41.805100225,-87.61647963
HZ184839,03/12/2016 06:00:00 PM,072XX S LANGLEY AVE,ASSAULT,41.763424098,-87.607952432
HZ231720,04/19/2016 07:40:00 AM,042XX S CALUMET AVE,BATTERY,41.817593007,-87.618376349
HZ232003,04/19/2016 06:40:00 AM,075XX S VERNON AVE,BURGLARY,41.757657097,-87.613866873
HZ233287,04/19/2016 11:30:00 PM,015XX E 62ND ST,THEFT,41.7828914,-87.588542427
HZ184793,03/11/2016 05:00:00 PM,038XX S ELLIS AVE,CRIMINAL DAMAGE,41.824933696,-87.605666223
HZ185847,03/13/2016 04:02:00 PM,078XX S EVANS AVE,CRIMINAL DAMAGE,41.752110944,-87.606467317
HZ185957,03/13/2016 05:20:00 PM,006XX E 67TH ST,BATTERY,41.773060554,-87.61032573
HZ186214,03/13/2016 10:50:00 PM,063XX S INGLESIDE AVE,CRIMINAL DAMAGE,41.77962486,-87.601650748
HZ186245,03/13/2016 10:00:00 PM,070XX S VERNON AVE,CRIMINAL DAMAGE,41.767074166,-87.614087906
HZ187095,03/08/2016 03:00:00 PM,015XX E 72ND ST,DECEPTIVE PRACTICE,41.76422615,-87.587068553
HZ192973,03/13/2016 12:00:00 PM,069XX S CREGIER AVE,CRIMINAL DAMAGE,41.768831857,-87.581296637
HZ186987,03/14/2016 03:40:00 PM,041XX S DR MARTIN LUTHER KING JR DR,CRIMINAL DAMAGE,41.820006933,-87.616889375
HZ187475,03/14/2016 08:30:00 PM,054XX S WENTWORTH AVE,MOTOR VEHICLE THEFT,41.795991039,-87.630542489
HZ187663,03/15/2016 04:00:00 AM,078XX S OGLESBY AVE,ROBBERY,41.752966294,-87.567467572
HZ190512,03/15/2016 08:00:00 PM,071XX S MERRILL AVE,THEFT,41.765791439,-87.572582463
HZ233180,04/20/2016 09:23:00 AM,005XX E 75TH ST,OTHER OFFENSE,41.758463627,-87.612069274
HZ190393,03/16/2016 06:23:00 PM,012XX E 46TH ST,CRIMINAL DAMAGE,41.810800457,-87.595731527
HZ233313,04/20/2016 10:00:00 AM,046XX S CALUMET AVE,CRIMINAL DAMAGE,41.810646088,-87.6181895
HZ191157,03/17/2016 06:08:00 PM,034XX S DR MARTIN LUTHER KING JR DR,THEFT,41.832329279,-87.616983146
HZ191368,03/17/2016 10:02:00 PM,007XX E 67TH ST,WEAPONS VIOLATION,41.77312533,-87.606673689
HZ191522,03/18/2016 02:30:00 AM,014XX E 66TH PL,BATTERY,41.774216207,-87.59016054
HZ192420,03/18/2016 05:45:00 PM,055XX S WABASH AVE,THEFT,41.793969887,-87.624070018
HZ192692,03/18/2016 10:10:00 PM,003XX W 75TH ST,BATTERY,41.758090343,-87.633807628
HZ192847,03/19/2016 01:51:00 AM,052XX S HARPER AVE,BATTERY,41.800233416,-87.589104487
HZ194399,03/20/2016 01:00:00 PM,064XX S MARYLAND AVE,BATTERY,41.777994582,-87.604646278
HZ195702,03/21/2016 03:20:00 PM,030XX E 78TH ST,BURGLARY,41.755409918,-87.551349331
HZ194536,03/20/2016 03:30:00 PM,031XX S HALSTED ST,NARCOTICS,41.837489008,-87.646264459
HZ197513,03/22/2016 02:30:00 PM,015XX E 68TH ST,BATTERY,41.771501168,-87.587475462
HZ198018,03/23/2016 12:20:00 PM,007XX W 31ST ST,THEFT,41.83805499,-87.645458414
HZ198761,03/23/2016 12:00:00 PM,027XX E 78TH ST,OTHER OFFENSE,41.753652461,-87.558070034
HZ236232,04/20/2016 05:00:00 PM,003XX E 61ST ST,BURGLARY,41.783868524,-87.61660985
HZ176731,03/06/2016 03:00:00 AM,076XX S DREXEL AVE,CRIM SEXUAL ASSAULT,41.755864287,-87.602869924
HZ199342,03/24/2016 01:06:00 PM,066XX S MICHIGAN AVE,BATTERY,41.77354959,-87.622729653
HZ199524,03/24/2016 05:15:00 AM,055XX S INDIANA AVE,BURGLARY,41.793546332,-87.620814599
HZ200972,03/25/2016 05:30:00 PM,0000X E GARFIELD BLVD,CRIMINAL DAMAGE,41.794672085,-87.623570871
HZ201400,03/25/2016 09:00:00 AM,005XX E 75TH ST,BURGLARY,41.758467781,-87.61185665
HZ202054,03/25/2016 10:00:00 AM,045XX S DR MARTIN LUTHER KING JR SD,THEFT,41.811760556,-87.61691525
HZ203801,03/25/2016 03:15:00 PM,032XX S LOWE AVE,OTHER OFFENSE,41.835663847,-87.64256673
HZ201991,03/26/2016 05:30:00 AM,071XX S WENTWORTH AVE,THEFT,41.76470129,-87.629751424
HZ202342,03/26/2016 08:01:00 PM,073XX S COTTAGE GROVE AVE,OTHER OFFENSE,41.761234892,-87.605466359
HZ202401,03/26/2016 09:15:00 PM,078XX S SOUTH SHORE DR,BATTERY,41.754400648,-87.550635931
HZ202437,03/26/2016 08:54:00 PM,014XX E 53RD ST,OTHER OFFENSE,41.799533532,-87.589937768
HZ202595,03/26/2016 11:18:00 AM,038XX S WABASH AVE,OTHER OFFENSE,41.824935492,-87.624829033
HZ239329,04/19/2016 12:54:00 PM,072XX S WOODLAWN AVE,CRIMINAL DAMAGE,41.763802264,-87.595797222
HZ203581,03/28/2016 12:10:00 AM,078XX S ST LAWRENCE AVE,NARCOTICS,41.752026864,-87.610103723
HZ203986,03/28/2016 11:00:00 AM,071XX S UNIVERSITY AVE,ASSAULT,41.765344346,-87.597047835
HZ234185,04/21/2016 01:30:00 AM,040XX S PRAIRIE AVE,CRIMINAL DAMAGE,41.821255232,-87.619920499
HZ205968,03/29/2016 06:51:00 PM,071XX S VERNON AVE,BATTERY,41.765125439,-87.614043692
HZ206826,03/29/2016 09:00:00 AM,006XX E MARQUETTE RD,DECEPTIVE PRACTICE,41.774882497,-87.610283271
HZ234188,04/21/2016 03:05:00 AM,002XX E GARFIELD BLVD,BATTERY,41.794731271,-87.620277064
HZ207413,03/30/2016 07:14:00 PM,073XX S LUELLA AVE,BATTERY,41.762034341,-87.570075766
HZ208412,03/31/2016 04:46:00 PM,031XX S GREEN ST,OTHER OFFENSE,41.837174003,-87.647280647
HZ209561,04/01/2016 02:25:00 PM,071XX S HARVARD AVE,BATTERY,41.76471549,-87.6334241
HZ210038,04/01/2016 09:01:00 PM,068XX S PAXTON AVE,ASSAULT,41.77113044,-87.571544262
HZ234906,04/21/2016 03:45:00 PM,042XX S WABASH AVE,THEFT,41.817354884,-87.624677811
HZ210549,04/02/2016 05:00:00 AM,068XX S EUCLID AVE,BURGLARY,41.770973221,-87.577657096
HZ212759,04/02/2016 09:00:00 PM,061XX S INGLESIDE AVE,ROBBERY,41.783276267,-87.602749535
HZ212622,04/03/2016 07:00:00 PM,047XX S LAKE PARK AVE,MOTOR VEHICLE THEFT,41.809297059,-87.591967028
HZ235275,04/21/2016 09:40:00 PM,015XX E 66TH PL,BATTERY,41.774233665,-87.588195342
HZ213906,04/04/2016 11:30:00 PM,017XX E 77TH ST,CRIMINAL DAMAGE,41.755156949,-87.582962594
HZ214447,04/05/2016 03:20:00 PM,066XX S MARQUETTE RD,BATTERY,41.774172834,-87.613081096
HZ215476,04/06/2016 09:55:00 AM,072XX S STATE ST,BATTERY,41.762719954,-87.624846791
HZ215952,04/06/2016 06:35:00 PM,068XX S STONY ISLAND AVE,CRIMINAL TRESPASS,41.770969165,-87.586268228
HZ215669,04/06/2016 10:30:00 AM,047XX S WENTWORTH AVE,BATTERY,41.808682769,-87.630898966
HZ221175,04/01/2016 09:00:00 AM,029XX S MICHIGAN AVE,DECEPTIVE PRACTICE,41.841825184,-87.623292218
HZ217668,04/07/2016 07:30:00 PM,007XX W 30TH ST,THEFT,41.839888713,-87.644635092
HZ236028,04/22/2016 09:00:00 AM,030XX S THROOP ST,OTHER OFFENSE,41.838854069,-87.650139771
HZ151614,02/14/2016 05:01:00 PM,064XX S STONY ISLAND AVE,BATTERY,41.778047465,-87.586387726
HZ151641,02/14/2016 12:06:00 PM,013XX W 32ND ST,OTHER OFFENSE,41.836064774,-87.659706652
HZ152691,02/15/2016 05:30:00 PM,010XX E 47TH ST,ASSAULT,41.809598084,-87.60081824
HZ238080,04/22/2016 06:45:00 AM,068XX S CALUMET AVE,BURGLARY,41.770522707,-87.616996711
HZ240273,04/25/2016 11:35:00 PM,051XX S MICHIGAN AVE,ASSAULT,41.800865552,-87.622622313
HZ241114,04/26/2016 03:00:00 PM,036XX S WELLS ST,NARCOTICS,41.828347945,-87.632650679
HZ242473,04/26/2016 03:13:00 PM,071XX S RHODES AVE,OTHER OFFENSE,41.765316099,-87.611625977
HZ242396,04/27/2016 03:53:00 PM,006XX E 68TH ST,NARCOTICS,41.771268278,-87.608978487
HZ244091,04/25/2016 01:00:00 PM,065XX S GREENWOOD AVE,BURGLARY,41.776220797,-87.599750047
HZ244273,04/28/2016 11:20:00 PM,043XX S COTTAGE GROVE AVE,SEX OFFENSE,41.816358925,-87.606702419
HZ245478,04/29/2016 10:00:00 PM,003XX E 63RD ST,ROBBERY,41.780217525,-87.616874156
HZ246181,04/30/2016 03:00:00 PM,036XX S WELLS ST,DECEPTIVE PRACTICE,41.828347945,-87.632650679
HZ247115,05/01/2016 01:03:00 PM,063XX S DR MARTIN LUTHER KING JR DR,ASSAULT,41.779120086,-87.615599494
HZ247206,05/01/2016 01:22:00 PM,018XX E 71ST ST,NARCOTICS,41.766205698,-87.57964114
HZ248381,05/02/2016 10:30:00 AM,0000X W 71ST ST,ASSAULT,41.765444001,-87.626906181
HZ247422,05/01/2016 04:20:00 PM,007XX E 79TH ST,ROBBERY,41.751249367,-87.607356573
HZ248745,05/02/2016 09:00:00 AM,054XX S WENTWORTH AVE,MOTOR VEHICLE THEFT,41.795991039,-87.630542489
HZ250654,05/03/2016 11:00:00 PM,069XX S MICHIGAN AVE,THEFT,41.768483173,-87.621770165
HZ250261,05/03/2016 07:20:00 PM,001XX W 71ST ST,BATTERY,41.765452668,-87.628764515
HZ288350,06/01/2016 07:30:00 AM,071XX S COTTAGE GROVE AVE,BATTERY,41.765557778,-87.605564121
HZ288445,06/01/2016 12:01:00 AM,065XX S DR MARTIN LUTHER KING JR DR,MOTOR VEHICLE THEFT,41.775834643,-87.615515144
HZ288764,06/01/2016 03:00:00 AM,048XX S PRAIRIE AVE,MOTOR VEHICLE THEFT,41.806540687,-87.619518918
HZ288861,06/01/2016 10:59:00 AM,002XX E PERSHING RD,ASSAULT,41.823798151,-87.619756522
HZ290381,06/01/2016 05:00:00 PM,062XX S DR MARTIN LUTHER KING JR DR,OFFENSE INVOLVING CHILDREN,41.781335054,-87.615651789
HZ390902,08/13/2016 08:15:00 PM,005XX W 79TH ST,BATTERY,41.750741742,-87.637075711
HZ290652,06/02/2016 04:15:00 PM,046XX S DR MARTIN LUTHER KING JR DR,BATTERY,41.810968452,-87.616634293
HZ291674,06/02/2016 02:15:00 PM,026XX S CALUMET AVE,MOTOR VEHICLE THEFT,41.845365212,-87.618856298
HZ295428,06/02/2016 09:00:00 PM,043XX S INDIANA AVE,OTHER OFFENSE,41.815611093,-87.621380801
HZ292329,06/03/2016 06:30:00 PM,003XX W CERMAK RD,BATTERY,41.852882701,-87.635528609
HZ293140,06/03/2016 03:30:00 PM,047XX S MICHIGAN AVE,BATTERY,41.808666004,-87.622818536
HZ293379,06/03/2016 10:30:00 PM,032XX S MORGAN ST,CRIMINAL DAMAGE,41.835388138,-87.651075669
HZ293069,06/04/2016 10:00:00 AM,070XX S MICHIGAN AVE,THEFT,41.766592052,-87.621721416
HZ293265,06/04/2016 12:45:00 PM,072XX S STONY ISLAND AVE,ASSAULT,41.763027016,-87.586243072
HZ293636,06/04/2016 05:45:00 PM,004XX E 75TH ST,BATTERY,41.758416865,-87.614679378
HZ294799,06/05/2016 05:50:00 PM,061XX S DR MARTIN LUTHER KING JR DR,ASSAULT,41.782987366,-87.615692028
HZ237340,04/23/2016 04:10:00 PM,073XX S YALE AVE,BATTERY,41.760967834,-87.630899126
HZ296718,06/07/2016 02:45:00 AM,051XX S WENTWORTH AVE,CRIMINAL DAMAGE,41.80171934,-87.630703621
HZ297569,06/07/2016 04:40:00 PM,038XX S WELLS ST,ROBBERY,41.824654911,-87.632324055
HZ388480,08/12/2016 03:00:00 AM,070XX S COTTAGE GROVE AVE,CRIMINAL TRESPASS,41.76680404,-87.605619683
HZ297530,06/07/2016 04:00:00 PM,041XX S ST LAWRENCE AVE,CRIMINAL DAMAGE,41.820087523,-87.611789046
HZ297933,06/07/2016 09:35:00 PM,051XX S CALUMET AVE,NARCOTICS,41.801532247,-87.617733375
HZ303169,06/07/2016 11:00:00 PM,065XX S PROMONTORY DR,OTHER OFFENSE,41.776400433,-87.570448042
HZ298156,06/08/2016 04:00:00 AM,008XX E 53RD ST,THEFT,41.798628606,-87.605472453
HZ298661,06/08/2016 12:24:00 PM,047XX S COTTAGE GROVE AVE,THEFT,41.808981361,-87.606551046
HZ299320,06/08/2016 09:45:00 PM,021XX E 71ST ST,ROBBERY,41.766114415,-87.572039808
HZ299929,06/09/2016 12:09:00 PM,052XX S MICHIGAN AVE,BATTERY,41.799213245,-87.622581891
HZ300304,06/09/2016 01:00:00 PM,073XX S CHAMPLAIN AVE,BATTERY,41.761636716,-87.609123475
HZ300632,06/09/2016 07:10:00 PM,029XX E 79TH ST,ASSAULT,41.751916334,-87.552546137
HZ300875,06/09/2016 10:56:00 PM,001XX E 71ST ST,NARCOTICS,41.76559446,-87.621050648
HZ300919,06/10/2016 01:10:00 AM,061XX S KENWOOD AVE,BATTERY,41.78320366,-87.593121999
HZ301407,06/10/2016 12:26:00 PM,005XX E 47TH ST,NARCOTICS,41.8094349,-87.613203423
HZ303606,06/10/2016 05:15:00 AM,052XX S HARPER AVE,CRIM SEXUAL ASSAULT,41.800938808,-87.589121997
HZ302580,06/11/2016 06:20:00 AM,070XX S EBERHART AVE,BATTERY,41.766594486,-87.612865286
HZ303394,06/11/2016 07:00:00 PM,0000X W ROOT ST,THEFT,41.819192605,-87.626752323
HZ303808,06/11/2016 11:48:00 PM,012XX E 53RD ST,CRIMINAL TRESPASS,41.799462885,-87.596008257
HZ305322,06/12/2016 12:01:00 AM,066XX S EVANS AVE,CRIMINAL DAMAGE,41.774409326,-87.60705513
HZ389028,08/12/2016 01:20:00 PM,035XX S GILES AVE,THEFT,41.830606764,-87.619328659
HZ308512,06/10/2016 04:00:00 PM,045XX S COTTAGE GROVE AVE,THEFT,41.812719607,-87.606637175
HZ306572,06/14/2016 06:30:00 AM,003XX W 51ST ST,BATTERY,41.801799092,-87.633878903
HZ307313,06/14/2016 03:45:00 PM,007XX E 73RD ST,BATTERY,41.762216456,-87.606192002
HZ308007,06/14/2016 10:30:00 PM,074XX S KIMBARK AVE,ASSAULT,41.759792968,-87.59325549
HZ308643,06/15/2016 01:15:00 PM,060XX S LANGLEY AVE,ASSAULT,41.785187197,-87.608524835
HZ308828,06/15/2016 04:00:00 PM,026XX S PRAIRIE AVE,THEFT,41.845345061,-87.620471366
HZ309319,06/15/2016 09:21:00 PM,062XX S COTTAGE GROVE AVE,BATTERY,41.781534778,-87.605955453
HZ309362,06/15/2016 09:15:00 PM,029XX S NORMAL AVE,CRIMINAL TRESPASS,41.840807285,-87.639039745
HZ308689,06/15/2016 02:05:00 PM,0000X E 57TH ST,CRIMINAL DAMAGE,41.791056773,-87.623394402
HZ310199,06/15/2016 07:00:00 PM,019XX E 75TH ST,THEFT,41.758868246,-87.576838856
HZ308584,06/15/2016 12:58:00 PM,078XX S KINGSTON AVE,BURGLARY,41.752769206,-87.562617701
HZ314631,06/10/2016 09:30:00 PM,019XX E 67TH ST,ROBBERY,41.773422126,-87.57864383
HZ310310,06/16/2016 11:30:00 AM,034XX S HALSTED ST,THEFT,41.831379434,-87.646124318
HZ310999,06/17/2016 04:45:00 AM,073XX S YATES BLVD,ROBBERY,41.762034802,-87.566436077
HZ312204,06/17/2016 08:38:00 PM,014XX E 70TH ST,BATTERY,41.767852431,-87.588925347
HZ312752,06/18/2016 10:01:00 AM,002XX E 48TH ST,OTHER OFFENSE,41.80750934,-87.619948318
HZ315778,06/18/2016 01:00:00 PM,054XX S EVERETT AVE,THEFT,41.796121077,-87.582561955
HZ389604,08/12/2016 03:40:00 AM,062XX S DORCHESTER AVE,BURGLARY,41.781932821,-87.59138404
HZ313766,06/19/2016 01:45:00 AM,057XX S INDIANA AVE,BATTERY,41.790485983,-87.620738482
HZ314947,06/19/2016 11:13:00 PM,069XX S JEFFERY BLVD,CRIMINAL DAMAGE,41.768881851,-87.576372975
HZ315108,06/20/2016 02:45:00 AM,003XX W 74TH ST,CRIMINAL TRESPASS,41.759910207,-87.633872164
HZ315017,06/20/2016 12:25:00 AM,001XX W 35TH ST,MOTOR VEHICLE THEFT,41.830954079,-87.630703226
HZ315306,06/19/2016 03:00:00 AM,004XX W PERSHING RD,THEFT,41.82356072,-87.637868624
HZ315128,06/20/2016 03:40:00 AM,006XX E 43RD ST,ROBBERY,41.816733916,-87.611335117
HZ315757,06/20/2016 12:45:00 PM,001XX E PERSHING RD,BATTERY,41.823761102,-87.622633324
HZ316697,06/20/2016 05:30:00 PM,062XX S DR MARTIN LUTHER KING JR DR,CRIMINAL DAMAGE,41.781389958,-87.615654844
HZ318464,06/20/2016 06:30:00 PM,076XX S JEFFERY BLVD,THEFT,41.756604794,-87.576095781
HZ316641,06/21/2016 03:05:00 AM,054XX S WELLS ST,BATTERY,41.794670403,-87.631785431
HZ318069,06/21/2016 11:40:00 PM,056XX S DR MARTIN LUTHER KING JR DR,BATTERY,41.79254441,-87.615922804
HZ318232,06/21/2016 07:30:00 PM,072XX S JEFFERY BLVD,THEFT,41.763164578,-87.576234915
HZ319290,06/22/2016 07:34:00 PM,076XX S PARNELL AVE,ASSAULT,41.75475498,-87.638611925
HZ319301,06/22/2016 07:20:00 PM,071XX S STONY ISLAND AVE,THEFT,41.764728804,-87.586292974
HZ320041,06/22/2016 09:20:00 AM,073XX S EAST END AVE,CRIMINAL TRESPASS,41.761925553,-87.583561826
HZ321903,06/22/2016 09:00:00 PM,076XX S SAGINAW AVE,MOTOR VEHICLE THEFT,41.756670534,-87.560009165
HZ321056,06/22/2016 01:31:00 PM,047XX S DR MARTIN LUTHER KING JR DR,THEFT,41.808500903,-87.616562762
HZ319928,06/23/2016 01:00:00 AM,061XX S LANGLEY AVE,MOTOR VEHICLE THEFT,41.783295917,-87.608450806
HZ320533,06/23/2016 05:52:00 PM,068XX S DR MARTIN LUTHER KING JR DR,INTERFERENCE WITH PUBLIC OFFICER,41.770282089,-87.615379097
HZ321873,06/24/2016 05:15:00 PM,030XX S CANAL ST,BATTERY,41.839468745,-87.637788145
HZ322044,06/24/2016 07:16:00 PM,005XX E PERSHING RD,ASSAULT,41.823880092,-87.613536875
HZ322103,06/24/2016 08:21:00 PM,052XX S GREENWOOD AVE,BATTERY,41.800494074,-87.599762995
HZ322299,06/24/2016 11:00:00 PM,052XX S KENWOOD AVE,BATTERY,41.80040818,-87.593217433
HZ325142,06/24/2016 09:30:00 AM,051XX S MICHIGAN AVE,THEFT,41.801241561,-87.622629161
HZ323954,06/26/2016 12:01:00 AM,018XX E 67TH ST,THEFT,41.773394376,-87.581107701
HZ325078,06/26/2016 04:00:00 PM,076XX S SOUTH SHORE DR,THEFT,41.758091299,-87.554611718
HZ317682,06/19/2016 11:00:00 PM,045XX S MICHIGAN AVE,THEFT,41.812278085,-87.62291801
HZ324999,06/27/2016 01:45:00 AM,067XX S EAST END AVE,CRIMINAL DAMAGE,41.772391355,-87.583839542
HZ325026,06/27/2016 03:15:00 AM,004XX E 32ND ST,ROBBERY,41.836600771,-87.61677038
HZ326090,06/27/2016 06:15:00 PM,048XX S VINCENNES AVE,BATTERY,41.8064505,-87.613860385
HZ326341,06/27/2016 10:45:00 PM,040XX S OAKENWALD AVE,BATTERY,41.822537926,-87.600912912
HZ326407,06/28/2016 12:55:00 AM,048XX S EVANS AVE,BATTERY,41.807169387,-87.607734256
HZ326583,06/28/2016 05:20:00 AM,015XX E 70TH ST,WEAPONS VIOLATION,41.767865207,-87.587510248
HZ328076,06/28/2016 03:00:00 AM,027XX S DEARBORN ST,OTHER OFFENSE,41.844000177,-87.628442902
HZ326994,06/28/2016 01:10:00 PM,056XX S DR MARTIN LUTHER KING JR DR,BATTERY,41.792525202,-87.615923018
HZ328599,06/29/2016 03:35:00 PM,048XX S MICHIGAN AVE,ASSAULT,41.807010932,-87.622774469
HZ329020,06/29/2016 08:09:00 PM,002XX E 48TH ST,THEFT,41.807500127,-87.620674671
HZ390656,08/12/2016 11:00:00 PM,057XX S STATE ST,THEFT,41.789717304,-87.625576333
HZ329440,06/29/2016 10:30:00 PM,012XX E HYDE PARK BLVD,BURGLARY,41.802372335,-87.596088599
HZ389918,08/12/2016 08:48:00 PM,072XX S YATES BLVD,BURGLARY,41.763851796,-87.566476752
HZ329384,06/30/2016 07:20:00 AM,065XX S RHODES AVE,BATTERY,41.776105804,-87.611926629
HZ330239,06/30/2016 06:15:00 PM,051XX S DR MARTIN LUTHER KING JR DR,ASSAULT,41.800891089,-87.616134117
HZ330885,06/30/2016 11:00:00 PM,017XX E 71ST PL,CRIMINAL DAMAGE,41.765187118,-87.582086968
HZ332680,07/02/2016 01:40:00 PM,078XX S COLES AVE,OTHER OFFENSE,41.75375771,-87.552135344
HZ333117,07/02/2016 07:50:00 PM,077XX S YATES BLVD,BATTERY,41.754906915,-87.566293711
HZ333205,07/02/2016 08:56:00 PM,009XX E 76TH ST,WEAPONS VIOLATION,41.756803646,-87.601272307
HZ333415,07/03/2016 03:00:00 AM,038XX S WELLS ST,CRIMINAL DAMAGE,41.824106989,-87.632476787
HZ333553,07/03/2016 06:40:00 AM,047XX S LAKE PARK AVE,CRIMINAL DAMAGE,41.809297059,-87.591967028
HZ333777,07/03/2016 11:45:00 AM,067XX S MERRILL AVE,BATTERY,41.772996751,-87.572816265
HZ333994,07/03/2016 02:00:00 PM,064XX S INGLESIDE AVE,BURGLARY,41.777931383,-87.601611339
HZ334071,07/03/2016 04:07:00 PM,063XX S STONY ISLAND AVE,NARCOTICS,41.779872827,-87.586450869
HZ334243,07/03/2016 06:45:00 PM,071XX S INGLESIDE AVE,MOTOR VEHICLE THEFT,41.76509805,-87.601881805
HZ336147,07/03/2016 09:15:00 PM,0000X E 75TH ST,THEFT,41.758277853,-87.62233006
HZ337864,07/03/2016 07:00:00 PM,047XX S DR MARTIN LUTHER KING JR DR,THEFT,41.808017852,-87.616553475
HZ339634,06/22/2016 08:00:00 AM,066XX S HARTWELL AVE,DECEPTIVE PRACTICE,41.774233684,-87.621523306
HZ336141,07/04/2016 10:00:00 PM,053XX S PRINCETON AVE,MOTOR VEHICLE THEFT,41.797159058,-87.633067533
HZ336251,07/04/2016 05:00:00 PM,071XX S RHODES AVE,BURGLARY,41.765299634,-87.611626162
HZ336534,07/05/2016 02:00:00 PM,054XX S RIDGEWOOD CT,THEFT,41.796979295,-87.592593099
HZ336691,07/05/2016 02:00:00 PM,021XX E 72ND ST,OTHER OFFENSE,41.764364443,-87.573002522
HZ337066,07/05/2016 06:26:00 PM,047XX S PRINCETON AVE,WEAPONS VIOLATION,41.808283277,-87.633338871
HZ337435,07/06/2016 01:15:00 AM,050XX S MICHIGAN AVE,BATTERY,41.80317932,-87.622677433
HZ338486,07/06/2016 07:45:00 AM,047XX S FEDERAL ST,THEFT,41.808418813,-87.628576343
HZ338362,07/06/2016 04:45:00 PM,065XX S RICHARDS DR,ROBBERY,41.776890015,-87.578925798
HZ338479,07/06/2016 06:35:00 PM,063XX S DR MARTIN LUTHER KING JR DR,BATTERY,41.779013043,-87.615597022
HZ338671,07/06/2016 08:47:00 PM,076XX S PARNELL AVE,CRIMINAL DAMAGE,41.755444021,-87.638648474
HZ339433,07/06/2016 04:15:00 PM,030XX S HALSTED ST,DECEPTIVE PRACTICE,41.839262062,-87.646307879
HZ343055,07/05/2016 07:30:00 PM,027XX E 75TH PL,OTHER OFFENSE,41.758494416,-87.558220671
HZ339110,07/07/2016 01:00:00 AM,040XX S LAKE PARK AVE,THEFT,41.822199933,-87.602134797
HZ340067,07/07/2016 08:20:00 PM,001XX W CERMAK RD,BATTERY,41.852868298,-87.63091491
HZ340034,07/07/2016 06:35:00 PM,001XX W 72ND ST,ASSAULT,41.763647648,-87.627541679
HZ340241,07/07/2016 11:45:00 PM,039XX S WELLS ST,CRIMINAL DAMAGE,41.822982159,-87.632529411
HZ340525,07/07/2016 06:30:00 PM,074XX S DREXEL AVE,THEFT,41.759920977,-87.602966863
HZ340103,07/07/2016 08:00:00 PM,041XX S WABASH AVE,ASSAULT,41.819399658,-87.624724971
HZ340348,07/08/2016 05:23:00 AM,069XX S LAFAYETTE AVE,ROBBERY,41.769070498,-87.626668445
HZ343110,07/09/2016 12:00:00 PM,073XX S JEFFERY BLVD,BURGLARY,41.761295448,-87.576194577
HZ344242,07/09/2016 06:00:00 PM,037XX S UNION AVE,BURGLARY,41.826306349,-87.64355523
HZ390215,08/13/2016 01:30:00 AM,001XX E 75TH ST,ROBBERY,41.758300638,-87.621134974
HZ390239,08/13/2016 10:58:00 AM,073XX S STEWART AVE,BATTERY,41.761226178,-87.63456161
HZ343761,07/10/2016 07:00:00 PM,065XX S RHODES AVE,BATTERY,41.776215591,-87.611929065
HZ344013,07/10/2016 11:59:00 PM,064XX S EVANS AVE,ASSAULT,41.777694703,-87.607128049
HZ344271,07/11/2016 09:15:00 AM,033XX S STATE ST,ASSAULT,41.834208833,-87.626686261
HZ344484,07/11/2016 11:45:00 AM,004XX E 34TH ST,THEFT,41.833139425,-87.615319213
HZ344680,07/11/2016 01:00:00 PM,023XX S WENTWORTH AVE,DECEPTIVE PRACTICE,41.8504927,-87.631964941
HZ347036,07/11/2016 03:00:00 PM,020XX E 71ST ST,THEFT,41.766255307,-87.57467003
HZ346311,07/11/2016 01:45:00 PM,026XX E 75TH ST,OTHER OFFENSE,41.75906511,-87.560647478
HZ349296,07/12/2016 03:30:00 AM,023XX E 70TH ST,BATTERY,41.768064494,-87.567742564
HZ347238,07/13/2016 10:30:00 AM,036XX S WENTWORTH AVE,DECEPTIVE PRACTICE,41.827797157,-87.631434876
HZ347270,07/13/2016 11:19:00 AM,063XX S COTTAGE GROVE AVE,WEAPONS VIOLATION,41.7799566,-87.605921959
HZ347706,07/13/2016 05:00:00 PM,071XX S HARVARD AVE,BATTERY,41.76471549,-87.6334241
HZ347916,07/13/2016 06:30:00 AM,078XX S STEWART AVE,BURGLARY,41.75236624,-87.634342541
HZ347402,07/13/2016 01:27:00 PM,014XX E 66TH PL,OTHER OFFENSE,41.774216041,-87.59013488
HZ349058,07/13/2016 09:00:00 AM,047XX S CHAMPLAIN AVE,DECEPTIVE PRACTICE,41.808897305,-87.610190667
HZ353254,07/04/2016 03:30:00 PM,038XX S PARNELL AVE,ASSAULT,41.824195695,-87.639857629
HZ348684,07/14/2016 01:30:00 PM,068XX S CORNELL AVE,OTHER OFFENSE,41.771062585,-87.585020753
HZ349434,07/14/2016 05:10:00 PM,034XX S COTTAGE GROVE AVE,CRIMINAL DAMAGE,41.832278311,-87.611035696
HZ350840,07/15/2016 10:21:00 PM,076XX S EAST END AVE,BATTERY,41.756128699,-87.58342406
HZ352170,07/17/2016 12:00:00 AM,076XX S YATES BLVD,MOTOR VEHICLE THEFT,41.756542729,-87.566325543
HZ352423,07/17/2016 04:00:00 AM,059XX S PRAIRIE AVE,CRIMINAL DAMAGE,41.786438441,-87.619015939
HZ352598,07/17/2016 12:00:00 AM,002XX E GARFIELD BLVD,THEFT,41.794731271,-87.620277064
HZ352540,07/17/2016 10:30:00 AM,068XX S CRANDON AVE,BATTERY,41.770702367,-87.569896036
HZ353559,07/17/2016 12:30:00 AM,055XX S PRAIRIE AVE,CRIMINAL DAMAGE,41.793599405,-87.619196801
HZ355929,07/14/2016 02:00:00 PM,062XX S LANGLEY AVE,MOTOR VEHICLE THEFT,41.781547537,-87.608408168
HZ354361,07/17/2016 12:00:00 PM,039XX S PRAIRIE AVE,THEFT,41.823228682,-87.619971969
HZ358684,07/02/2016 12:00:00 PM,002XX W CERMAK RD,THEFT,41.852839331,-87.632911994
HZ359441,07/17/2016 11:00:00 PM,050XX S DORCHESTER AVE,THEFT,41.803824387,-87.591876076
HZ353714,07/18/2016 10:28:00 AM,052XX S HARPER AVE,CRIMINAL DAMAGE,41.800233416,-87.589104487
HZ354692,07/18/2016 10:06:00 PM,078XX S KINGSTON AVE,CRIMINAL DAMAGE,41.75291741,-87.562619593
HZ355859,07/19/2016 05:30:00 PM,0000X E 35TH ST,ASSAULT,41.831122218,-87.62590563
HZ359968,07/20/2016 08:00:00 PM,033XX S WALLACE ST,CRIMINAL DAMAGE,41.833985056,-87.641315151
HZ364892,07/07/2016 10:00:00 AM,013XX E PARK PL,MOTOR VEHICLE THEFT,41.794468796,-87.592673348
HZ357655,07/21/2016 01:39:00 AM,036XX S UNION AVE,BURGLARY,41.82842525,-87.643609536
HZ359034,07/21/2016 11:43:00 PM,076XX S VINCENNES AVE,DECEPTIVE PRACTICE,41.756064436,-87.632356295
HZ363103,07/21/2016 09:00:00 AM,001XX E 50TH ST,BATTERY,41.803829327,-87.622171439
HZ365604,07/21/2016 04:00:00 PM,060XX S ST LAWRENCE AVE,OTHER OFFENSE,41.785128164,-87.610916163
HZ358862,07/21/2016 10:02:00 PM,067XX S CHAPPEL AVE,HOMICIDE,41.772691757,-87.575250392
HZ361232,07/23/2016 01:00:00 PM,014XX E 47TH DR,BATTERY,41.809693341,-87.592138525
HZ361562,07/23/2016 07:40:00 PM,057XX S MARYLAND AVE,BATTERY,41.790894592,-87.604940233
HZ361934,07/23/2016 07:01:00 PM,072XX S PERRY AVE,BURGLARY,41.763184615,-87.628111227
HZ363760,07/24/2016 04:00:00 PM,072XX S MICHIGAN AVE,THEFT,41.763152934,-87.62163846
HZ363974,07/22/2016 05:10:00 PM,018XX E 73RD ST,OFFENSE INVOLVING CHILDREN,41.762471284,-87.580146681
HZ366826,07/22/2016 07:00:00 PM,020XX E 77TH ST,CRIMINAL DAMAGE,41.755254417,-87.57523573
HZ364481,07/25/2016 09:40:00 PM,025XX E 74TH ST,CRIMINAL DAMAGE,41.760856529,-87.562191058
HZ364883,07/25/2016 10:00:00 PM,075XX S NORMAL AVE,THEFT,41.757547489,-87.636602658
HZ365138,07/25/2016 08:00:00 PM,035XX S RHODES AVE,BATTERY,41.829651528,-87.614451899
HZ364568,07/25/2016 11:01:00 PM,069XX S MICHIGAN AVE,CRIMINAL TRESPASS,41.768280064,-87.621765078
HZ367930,07/25/2016 09:30:00 AM,050XX S PRAIRIE AVE,BURGLARY,41.803400743,-87.619440072
HZ364630,07/26/2016 01:18:00 AM,076XX S KINGSTON AVE,BATTERY,41.756617188,-87.562688944
HZ364925,07/26/2016 09:15:00 AM,061XX S WABASH AVE,ASSAULT,41.782842728,-87.623774676
HZ365393,07/26/2016 02:02:00 PM,052XX S DR MARTIN LUTHER KING JR DR,WEAPONS VIOLATION,41.799337569,-87.616092761
HZ366838,07/26/2016 02:45:00 PM,039XX S ELLIS AVE,THEFT,41.822594605,-87.604214183
HZ368036,07/27/2016 10:00:00 AM,012XX E 72ND ST,CRIMINAL DAMAGE,41.764171494,-87.594748336
HZ367823,07/28/2016 07:00:00 AM,057XX S CALUMET AVE,THEFT,41.79037523,-87.617490782
HZ368412,07/28/2016 10:00:00 AM,078XX S YATES BLVD,BURGLARY,41.752719419,-87.566250124
HZ368741,07/28/2016 06:11:00 AM,077XX S MARQUETTE AVE,THEFT,41.754673504,-87.558501202
HZ368746,07/28/2016 11:00:00 AM,048XX S EVANS AVE,ROBBERY,41.806870212,-87.607726628
HZ368906,07/28/2016 06:30:00 AM,056XX S WABASH AVE,BATTERY,41.792229722,-87.624023196
HZ369051,07/29/2016 12:23:00 AM,020XX E 71ST ST,ASSAULT,41.766249991,-87.575527839
HZ369632,07/29/2016 05:00:00 AM,062XX S UNIVERSITY AVE,CRIMINAL DAMAGE,41.781850947,-87.597856307
HZ370729,07/29/2016 08:00:00 PM,045XX S WOODLAWN AVE,MOTOR VEHICLE THEFT,41.81255052,-87.596892617
HZ370703,07/30/2016 07:25:00 AM,007XX E 76TH ST,DECEPTIVE PRACTICE,41.756751911,-87.605656287
HZ371600,07/30/2016 08:39:00 PM,006XX E 51ST ST,ASSAULT,41.802173267,-87.610974131
HZ372118,07/30/2016 09:30:00 PM,029XX S STATE ST,MOTOR VEHICLE THEFT,41.841103444,-87.626852618
HZ372053,07/30/2016 03:20:00 AM,064XX S RHODES AVE,DECEPTIVE PRACTICE,41.777736143,-87.611963351
HZ372126,07/31/2016 04:00:00 AM,075XX S STATE ST,BATTERY,41.757746672,-87.62474756
HZ372546,07/31/2016 06:00:00 AM,065XX S MINERVA AVE,CRIMINAL DAMAGE,41.77634248,-87.597321663
HZ372444,07/31/2016 12:45:00 PM,001XX W 74TH ST,THEFT,41.759994086,-87.628736264
HZ374416,08/01/2016 04:30:00 PM,022XX E 67TH ST,ROBBERY,41.77350751,-87.571208191
HZ374506,08/01/2016 06:00:00 PM,032XX S RACINE AVE,THEFT,41.83493942,-87.655938861
HZ375072,08/01/2016 04:00:00 PM,066XX S STONY ISLAND AVE,THEFT,41.774945985,-87.586321063
HZ375274,08/02/2016 02:24:00 PM,077XX S INGLESIDE AVE,NARCOTICS,41.754264779,-87.601641994
HZ375688,08/02/2016 06:08:00 PM,063XX S CALUMET AVE,CRIMINAL TRESPASS,41.778754713,-87.617297398
HZ378106,08/02/2016 06:45:00 PM,001XX E 51ST ST,DECEPTIVE PRACTICE,41.8020092,-87.622063199
HZ376272,08/03/2016 10:05:00 AM,047XX S COTTAGE GROVE AVE,THEFT,41.809209166,-87.606555807
HZ377494,08/03/2016 09:15:00 PM,069XX S SOUTH SHORE DR,THEFT,41.76916785,-87.566530745
HZ377994,08/04/2016 02:00:00 PM,057XX S WABASH AVE,MOTOR VEHICLE THEFT,41.790588412,-87.623986286
HZ378371,08/04/2016 06:16:00 PM,071XX S INGLESIDE AVE,OTHER OFFENSE,41.76525451,-87.601887359
HZ378783,08/05/2016 12:00:00 AM,073XX S DR MARTIN LUTHER KING JR DR,BURGLARY,41.761194526,-87.615187184
HZ379584,08/05/2016 03:00:00 PM,0000X W ROOT ST,THEFT,41.819177371,-87.627845735
HZ379843,08/05/2016 06:30:00 PM,076XX S NORMAL AVE,THEFT,41.755685653,-87.636857355
HZ383365,08/05/2016 08:00:00 AM,025XX E 74TH ST,THEFT,41.760854104,-87.562238736
HZ380854,08/06/2016 01:50:00 PM,006XX E 50TH PL,THEFT,41.803117339,-87.609672501
HZ381497,08/06/2016 09:30:00 PM,005XX E BOWEN AVE,THEFT,41.819397113,-87.612846021
HZ380947,08/06/2016 01:30:00 PM,062XX S LANGLEY AVE,BATTERY,41.781714972,-87.608413615
HZ382319,08/06/2016 08:00:00 PM,066XX S HARTWELL AVE,THEFT,41.773495383,-87.621509473
HZ382730,08/07/2016 10:30:00 PM,014XX E 47TH DR,BATTERY,41.809693341,-87.592138525
HZ382960,08/08/2016 02:00:00 AM,075XX S STONY ISLAND AVE,THEFT,41.757614433,-87.586115266
HZ383553,08/08/2016 11:00:00 AM,063XX S STONY ISLAND AVE,THEFT,41.779872827,-87.586450869
HZ383849,08/08/2016 05:31:00 PM,032XX S DR MARTIN LUTHER KING JR DR,ROBBERY,41.836135653,-87.617436092
HZ383967,08/08/2016 06:41:00 PM,070XX S PAXTON AVE,THEFT,41.767504543,-87.571440534
HZ384147,08/08/2016 09:30:00 PM,071XX S VINCENNES AVE,CRIMINAL TRESPASS,41.764632089,-87.628311641
HZ384016,08/08/2016 07:15:00 PM,067XX S MERRILL AVE,CRIMINAL DAMAGE,41.772977543,-87.572816492
HZ385210,08/09/2016 05:00:00 PM,047XX S WELLS ST,BATTERY,41.808613696,-87.632620013
HZ386456,08/10/2016 03:45:00 PM,067XX S BLACKSTONE AVE,BATTERY,41.772854092,-87.588742874
HZ386772,08/10/2016 07:17:00 PM,004XX E 34TH ST,NARCOTICS,41.833139425,-87.615319213
HZ386651,08/10/2016 06:35:00 PM,001XX W SWANN ST,ROBBERY,41.80991742,-87.629957454
HZ391596,08/07/2016 04:00:00 AM,073XX S YATES BLVD,BURGLARY,41.761886598,-87.566434176
HZ392505,08/10/2016 11:00:00 PM,075XX S SOUTH SHORE DR,THEFT,41.76015578,-87.556752911
HZ387685,08/11/2016 12:05:00 PM,041XX S COTTAGE GROVE AVE,WEAPONS VIOLATION,41.820058796,-87.606796332
HZ388621,08/11/2016 11:30:00 PM,005XX E 35TH ST,CRIMINAL DAMAGE,41.831200459,-87.614199733
HZ389242,08/11/2016 03:15:00 PM,001XX W 51ST ST,THEFT,41.801852528,-87.630045663
HZ390677,08/13/2016 01:20:00 PM,005XX E 38TH PL,BURGLARY,41.82482735,-87.613614319
HZ390998,08/13/2016 09:20:00 PM,076XX S NORMAL AVE,BATTERY,41.755611561,-87.636858156
HZ391137,08/13/2016 11:49:00 PM,073XX S PERRY AVE,ASSAULT,41.761200238,-87.628070646
HZ390706,08/13/2016 05:15:00 PM,071XX S BENNETT AVE,BATTERY,41.765270737,-87.57935151
HZ393310,08/13/2016 05:00:00 PM,012XX W 35TH ST,CRIMINAL DAMAGE,41.830615654,-87.656142227
HZ393903,08/13/2016 07:00:00 PM,071XX S CONSTANCE AVE,ASSAULT,41.76483964,-87.580569839
HZ391199,08/14/2016 01:00:00 AM,072XX S BENNETT AVE,OTHER OFFENSE,41.763382375,-87.579307641
HZ391300,08/14/2016 04:11:00 AM,071XX S JEFFERY BLVD,THEFT,41.765755571,-87.576292427
HZ392374,08/14/2016 08:30:00 PM,048XX S KENWOOD AVE,THEFT,41.807405538,-87.59355871
HZ396283,08/05/2016 10:15:00 PM,071XX S JEFFERY BLVD,BATTERY,41.76587359,-87.576294705
HZ392553,08/15/2016 07:43:00 AM,004XX E 34TH ST,THEFT,41.833139425,-87.615319213
HZ392613,08/15/2016 06:00:00 AM,060XX S HARPER AVE,CRIMINAL DAMAGE,41.784754925,-87.588143196
HZ393318,08/15/2016 06:53:00 AM,035XX S FEDERAL ST,DECEPTIVE PRACTICE,41.829606362,-87.628865018
HZ394054,08/16/2016 08:46:00 AM,029XX S STATE ST,OTHER OFFENSE,41.841103444,-87.626852618
HZ394904,08/16/2016 06:29:00 PM,050XX S WASHINGTON PARK CT,SEX OFFENSE,41.802741802,-87.614987506
HZ395601,08/17/2016 10:05:00 AM,045XX S DREXEL BLVD,THEFT,41.812412001,-87.604432386
HZ396052,08/17/2016 10:30:00 AM,044XX S DREXEL BLVD,CRIMINAL DAMAGE,41.814162811,-87.603994347
HZ396393,08/17/2016 02:45:00 PM,034XX S RHODES AVE,BURGLARY,41.832043206,-87.613364699
HZ403745,08/17/2016 10:00:00 AM,071XX S VERNON AVE,CRIMINAL DAMAGE,41.765070557,-87.614044305
HZ397064,08/18/2016 10:43:00 AM,078XX S KINGSTON AVE,ASSAULT,41.753120521,-87.562624493
HZ399222,08/18/2016 11:00:00 PM,017XX E 71ST PL,CRIMINAL DAMAGE,41.76518876,-87.581918335
HZ402168,08/18/2016 11:00:00 AM,046XX S LANGLEY AVE,MOTOR VEHICLE THEFT,41.810659934,-87.609011718
HZ405612,08/01/2016 09:30:00 PM,075XX S EBERHART AVE,THEFT,41.757995344,-87.612664602
HZ398678,08/19/2016 02:25:00 PM,070XX S MERRILL AVE,ASSAULT,41.767490727,-87.572668691
HZ402142,08/19/2016 12:00:00 PM,065XX S COTTAGE GROVE AVE,OTHER OFFENSE,41.776006991,-87.605830944
HZ400805,08/21/2016 01:28:00 AM,035XX S MICHIGAN AVE,BATTERY,41.830685937,-87.62324655
HZ401167,08/21/2016 06:20:00 AM,046XX S LAKE PARK AVE,BATTERY,41.810713018,-87.593656375
HZ402731,08/21/2016 11:30:00 PM,071XX S CRANDON AVE,ROBBERY,41.765586123,-87.568937672
HZ395017,08/16/2016 08:49:00 PM,051XX S WENTWORTH AVE,THEFT,41.80171934,-87.630703621
HZ402478,08/22/2016 07:10:00 AM,049XX S MICHIGAN AVE,THEFT,41.805059454,-87.622726344
HZ402728,08/22/2016 02:53:00 PM,077XX S COTTAGE GROVE AVE,CRIMINAL TRESPASS,41.754345523,-87.60528033
HZ403339,08/22/2016 09:30:00 PM,030XX S HALSTED ST,THEFT,41.839391056,-87.646310169
HZ405863,08/23/2016 10:30:00 PM,078XX S SAGINAW AVE,ROBBERY,41.753173842,-87.559941195
HZ404801,08/24/2016 12:30:00 AM,003XX E 51ST ST,ASSAULT,41.802064797,-87.618640688
HZ404820,08/24/2016 01:23:00 AM,067XX S CHAPPEL AVE,BATTERY,41.772746663,-87.575253411
HZ404839,08/24/2016 12:30:00 AM,074XX S STONY ISLAND AVE,BATTERY,41.760361887,-87.58617869
HZ405754,08/24/2016 12:25:00 PM,016XX E 74TH ST,THEFT,41.760602533,-87.584783099
HZ405539,08/24/2016 04:00:00 PM,076XX S STEWART AVE,BATTERY,41.755500696,-87.63441848
HZ405860,08/24/2016 07:10:00 PM,024XX S HALSTED ST,BATTERY,41.848645802,-87.646493766
HZ404942,08/24/2016 07:45:00 AM,006XX E WOODLAND PARK,BATTERY,41.832102222,-87.610090986
HZ406025,08/24/2016 09:55:00 PM,077XX S YATES BLVD,BATTERY,41.754703829,-87.566292464
HZ406681,08/25/2016 01:15:00 PM,075XX S INDIANA AVE,THEFT,41.757771663,-87.619916678
HZ406872,08/25/2016 01:00:00 PM,032XX S PRAIRIE AVE,BATTERY,41.835686337,-87.620644613
HZ408152,08/26/2016 03:30:00 PM,006XX E 62ND ST,CRIMINAL DAMAGE,41.782155365,-87.610362894
HZ408090,08/26/2016 02:18:00 PM,068XX S STONY ISLAND AVE,ROBBERY,41.770875842,-87.586265645
HZ409496,08/26/2016 07:00:00 PM,067XX S PAXTON AVE,MOTOR VEHICLE THEFT,41.77271144,-87.571587876
HZ408533,08/26/2016 07:39:00 PM,050XX S DR MARTIN LUTHER KING JR DR,OFFENSE INVOLVING CHILDREN,41.802719637,-87.616271436
HZ410805,08/26/2016 08:00:00 PM,027XX S INDIANA AVE,THEFT,41.844026941,-87.622100808
HZ409150,08/26/2016 01:30:00 PM,068XX S RIDGELAND AVE,ASSAULT,41.770986288,-87.582580182
HZ409008,08/27/2016 07:38:00 AM,007XX E 43RD ST,BATTERY,41.816792881,-87.608062183
HZ409300,08/27/2016 12:45:00 PM,002XX E GARFIELD BLVD,BATTERY,41.794729437,-87.620423773
HZ409755,08/27/2016 06:00:00 PM,047XX S PRINCETON AVE,DECEPTIVE PRACTICE,41.808074681,-87.633333805
HZ410929,08/28/2016 03:50:00 PM,050XX S CALUMET AVE,INTERFERENCE WITH PUBLIC OFFICER,41.80307065,-87.617991333
HZ411788,08/29/2016 10:58:00 AM,072XX S RHODES AVE,DECEPTIVE PRACTICE,41.763342651,-87.61157845
HZ411850,08/29/2016 12:00:00 PM,031XX S UNION AVE,ASSAULT,41.837490872,-87.643827791
HZ411837,08/29/2016 11:30:00 AM,062XX S ST LAWRENCE AVE,ASSAULT,41.78167259,-87.610833958
HZ412113,08/29/2016 02:00:00 PM,061XX S UNIVERSITY AVE,BURGLARY,41.783151948,-87.597889105
HZ412879,08/29/2016 07:30:00 AM,074XX S COTTAGE GROVE AVE,THEFT,41.75981861,-87.605431051
HZ413339,08/30/2016 12:45:00 PM,073XX S SOUTH SHORE DR,ASSAULT,41.763216905,-87.559783946
HZ413407,08/30/2016 01:00:00 AM,075XX S INDIANA AVE,BATTERY,41.757623435,-87.61991099
HZ414961,08/31/2016 01:40:00 PM,003XX W 35TH ST,BATTERY,41.830890059,-87.635507004
HZ415890,09/01/2016 09:04:00 AM,078XX S DR MARTIN LUTHER KING JR DR,BATTERY,41.752019022,-87.614977963
HZ418137,09/02/2016 10:00:00 AM,003XX W SWANN ST,THEFT,41.809838069,-87.634040886
HZ420060,09/02/2016 07:33:00 PM,004XX E 71ST ST,BATTERY,41.765748259,-87.613146005
HZ418937,09/03/2016 12:00:00 PM,061XX S BLACKSTONE AVE,DECEPTIVE PRACTICE,41.783937361,-87.590297618
HZ419284,09/03/2016 01:00:00 PM,071XX S RIDGELAND AVE,BURGLARY,41.765628472,-87.582433712
HZ420396,09/03/2016 04:00:00 PM,033XX S LITUANICA AVE,BURGLARY,41.834448684,-87.648616087
HZ419932,09/04/2016 01:30:00 AM,053XX S COTTAGE GROVE AVE,THEFT,41.797936811,-87.606301777
HZ420503,09/04/2016 05:13:00 PM,001XX W 79TH ST,THEFT,41.75089655,-87.627813307
HZ420437,09/04/2016 04:35:00 PM,071XX S STATE ST,BATTERY,41.764144442,-87.624878771
HZ421654,09/04/2016 08:00:00 PM,049XX S VINCENNES AVE,THEFT,41.805234824,-87.613866651
HZ421274,09/05/2016 12:20:00 PM,043XX S SHIELDS AVE,ASSAULT,41.815039623,-87.634681296
HZ421652,09/05/2016 05:31:00 PM,054XX S WENTWORTH AVE,BATTERY,41.795991039,-87.630542489
HZ404901,08/24/2016 06:10:00 AM,062XX S ELLIS AVE,BATTERY,41.78150936,-87.601090356
HZ422571,09/06/2016 11:11:00 AM,064XX S DR MARTIN LUTHER KING JR DR,BATTERY,41.777558327,-87.615558249
HZ422565,09/06/2016 09:30:00 AM,053XX S KIMBARK AVE,BURGLARY,41.798792341,-87.595007398
HZ422311,09/06/2016 08:00:00 AM,010XX E 53RD ST,OFFENSE INVOLVING CHILDREN,41.799404889,-87.601099375
HZ424439,09/06/2016 08:15:00 PM,034XX S CALUMET AVE,BURGLARY,41.83241064,-87.618149095
HZ425929,09/06/2016 06:00:00 PM,004XX W WINNECONNA PKWY,CRIMINAL DAMAGE,41.75249698,-87.63598662
HZ424139,09/07/2016 12:23:00 PM,002XX W 31ST ST,CRIMINAL TRESPASS,41.838227796,-87.632282365
HZ424572,09/07/2016 05:06:00 PM,073XX S DORCHESTER AVE,BATTERY,41.761004207,-87.590859137
HZ424982,09/07/2016 11:50:00 PM,075XX S CREGIER AVE,BATTERY,41.757828109,-87.581010964
HZ425215,09/08/2016 07:31:00 AM,035XX S RHODES AVE,BATTERY,41.830697249,-87.614476891
HZ425776,09/08/2016 03:15:00 PM,071XX S MICHIGAN AVE,CRIMINAL TRESPASS,41.76512359,-87.621678995
HZ425718,09/08/2016 03:00:00 PM,056XX S COTTAGE GROVE AVE,BATTERY,41.792472154,-87.606176514
HZ426529,09/08/2016 06:00:00 PM,067XX S EUCLID AVE,MOTOR VEHICLE THEFT,41.772609102,-87.577700216
HZ427272,09/09/2016 03:24:00 PM,0000X E 51ST ST,WEAPONS VIOLATION,41.801983507,-87.623677237
HZ427612,09/09/2016 08:30:00 PM,048XX S MICHIGAN AVE,OFFENSE INVOLVING CHILDREN,41.806566299,-87.622764711
HZ429710,09/10/2016 03:00:00 PM,006XX E WOODLAND PARK,THEFT,41.832102222,-87.610090986
HZ429297,09/11/2016 03:26:00 AM,049XX S CHAMPLAIN AVE,OTHER OFFENSE,41.805274355,-87.610110372
HZ429027,09/11/2016 01:20:00 AM,022XX E 69TH ST,BATTERY,41.769860387,-87.570800471
HZ430477,09/12/2016 08:55:00 AM,008XX E 79TH ST,ASSAULT,41.751296595,-87.604413259
HZ431192,09/12/2016 11:40:00 AM,065XX S DR MARTIN LUTHER KING JR DR,CRIMINAL DAMAGE,41.775870339,-87.615518412
HZ431409,09/12/2016 06:39:00 PM,056XX S DR MARTIN LUTHER KING JR DR,CRIMINAL DAMAGE,41.792171122,-87.615912299
HZ431551,09/12/2016 08:20:00 PM,024XX E 79TH ST,MOTOR VEHICLE THEFT,41.751732067,-87.565928387
HZ432130,09/12/2016 09:00:00 PM,076XX S EAST END AVE,THEFT,41.75620279,-87.583423198
HZ431744,09/13/2016 02:50:00 AM,037XX S PARNELL AVE,BATTERY,41.826465523,-87.639910183
HZ432549,09/13/2016 08:30:00 AM,056XX S WABASH AVE,BURGLARY,41.792210513,-87.624023407
HZ433972,09/13/2016 09:00:00 PM,013XX E 53RD ST,THEFT,41.799487229,-87.593818494
HZ436423,09/13/2016 06:00:00 PM,064XX S DR MARTIN LUTHER KING JR DR,BATTERY,41.777558327,-87.615558249
HZ434577,09/14/2016 10:30:00 PM,075XX S KINGSTON AVE,MOTOR VEHICLE THEFT,41.758209097,-87.562721211
HZ435210,09/15/2016 01:10:00 PM,013XX E 50TH ST,CRIMINAL DAMAGE,41.804224881,-87.592700369
HZ435874,09/15/2016 07:30:00 PM,039XX S COTTAGE GROVE AVE,BATTERY,41.823755781,-87.606868273
HZ436574,09/16/2016 11:30:00 AM,037XX S DR MARTIN LUTHER KING JR DR,DECEPTIVE PRACTICE,41.826923566,-87.617061758
HZ436881,09/16/2016 02:15:00 PM,009XX W 31ST PL,CRIMINAL DAMAGE,41.83719701,-87.650219779
HZ436891,09/16/2016 03:45:00 PM,071XX S PAXTON AVE,ROBBERY,41.765687332,-87.57136673
HZ437407,09/16/2016 10:59:00 PM,070XX S WABASH AVE,CRIMINAL DAMAGE,41.766870952,-87.623331208
HZ437957,09/16/2016 02:50:00 PM,068XX S STONY ISLAND AVE,THEFT,41.770875842,-87.586265645
HZ440986,09/16/2016 07:40:00 PM,031XX S LOWE AVE,THEFT,41.837467087,-87.642609722
HZ437498,09/17/2016 12:25:00 AM,049XX S VINCENNES AVE,BATTERY,41.804974136,-87.613869568
HZ438225,09/17/2016 03:19:00 PM,064XX S DR MARTIN LUTHER KING JR DR,NARCOTICS,41.777783389,-87.615563072
HZ437994,09/17/2016 11:20:00 AM,011XX E 52ND ST,BURGLARY,41.800896402,-87.599164262
HZ439370,09/18/2016 01:18:00 PM,031XX S UNION AVE,BATTERY,41.837490872,-87.643827791
HZ440248,09/18/2016 03:00:00 PM,028XX S WELLS ST,THEFT,41.842186581,-87.632987817
HZ445128,09/15/2016 12:00:00 AM,077XX S MARYLAND AVE,OTHER OFFENSE,41.754474895,-87.604043791
HZ446015,09/17/2016 02:00:00 PM,075XX S GREENWOOD AVE,THEFT,41.757985249,-87.598077559
HZ440416,09/19/2016 12:30:00 AM,075XX S COLES AVE,BURGLARY,41.7593831,-87.558151334
HZ443067,09/20/2016 06:00:00 PM,068XX S WABASH AVE,CRIMINAL DAMAGE,41.770104282,-87.623420192
HZ443201,09/20/2016 09:00:00 PM,068XX S EAST END AVE,THEFT,41.770922864,-87.583794317
HZ444664,09/20/2016 04:05:00 PM,044XX S EVANS AVE,THEFT,41.814140679,-87.6083012
HZ445410,09/20/2016 09:00:00 AM,010XX E MARQUETTE RD,BURGLARY,41.775013477,-87.600636333
HZ443024,09/21/2016 04:00:00 AM,046XX S COTTAGE GROVE AVE,BURGLARY,41.810545834,-87.606588383
HZ443113,09/21/2016 06:45:00 AM,005XX E 60TH ST,ROBBERY,41.785750338,-87.612977195
HZ443341,09/21/2016 10:45:00 AM,071XX S DREXEL AVE,ROBBERY,41.765437873,-87.603102235
HZ443526,09/21/2016 12:57:00 PM,003XX W 72ND ST,OTHER OFFENSE,41.763563937,-87.632696197
HZ444456,09/21/2016 03:15:00 PM,062XX S INDIANA AVE,CRIMINAL DAMAGE,41.781146338,-87.62060358
HZ450238,09/15/2016 03:00:00 PM,058XX S DREXEL AVE,THEFT,41.789086467,-87.603699294
HZ445453,09/22/2016 05:35:00 PM,003XX W 23RD PL,THEFT,41.850023665,-87.635155943
HZ446088,09/22/2016 10:15:00 AM,064XX S UNIVERSITY AVE,BATTERY,41.778015745,-87.598061446
HZ451933,09/18/2016 09:00:00 AM,069XX S STONY ISLAND AVE,DECEPTIVE PRACTICE,41.76933894,-87.586250486
HZ445858,09/23/2016 06:01:00 AM,006XX E 74TH ST,ROBBERY,41.760349725,-87.608701781
HZ446116,09/23/2016 10:03:00 AM,009XX W 31ST PL,BATTERY,41.83719701,-87.650219779
HZ447312,09/23/2016 07:00:00 AM,077XX S EAST END AVE,OTHER OFFENSE,41.754160708,-87.583373672
HZ447189,09/24/2016 12:24:00 AM,076XX S SOUTH CHICAGO AVE,ASSAULT,41.756550472,-87.592600053
HZ448160,09/24/2016 06:35:00 PM,035XX S FEDERAL ST,DECEPTIVE PRACTICE,41.830726285,-87.628907777
HZ448749,09/25/2016 08:35:00 AM,015XX E 65TH ST,BATTERY,41.776966216,-87.587232499
HZ448796,09/25/2016 09:24:00 AM,003XX W GARFIELD BLVD,ASSAULT,41.794509508,-87.633301738
HZ449534,09/25/2016 07:58:00 PM,078XX S EXCHANGE AVE,CRIMINAL DAMAGE,41.752762491,-87.553488733
HZ449788,09/26/2016 01:30:00 AM,0000X E 35TH ST,ROBBERY,41.831122218,-87.62590563
HZ450769,09/26/2016 09:00:00 AM,014XX E 53RD ST,DECEPTIVE PRACTICE,41.799531452,-87.590040481
HZ450829,09/26/2016 04:40:00 PM,004XX E 35TH ST,NARCOTICS,41.831177046,-87.615282435
HZ451677,09/27/2016 11:50:00 AM,076XX S EGGLESTON AVE,BATTERY,41.755387327,-87.635632815
HZ383034,08/07/2016 10:00:00 PM,006XX E 43RD ST,THEFT,41.816736383,-87.611291068
HZ453076,09/28/2016 02:00:00 AM,017XX E 78TH ST,THEFT,41.753356075,-87.581609252
HZ454859,09/29/2016 06:15:00 PM,071XX S STONY ISLAND AVE,BATTERY,41.765763563,-87.586317625
HZ455799,09/29/2016 07:30:00 PM,047XX S LAKE PARK AVE,THEFT,41.809297059,-87.591967028
HZ457323,09/29/2016 11:00:00 PM,074XX S INDIANA AVE,CRIMINAL DAMAGE,41.759613302,-87.619951259
HZ455678,09/30/2016 10:00:00 AM,038XX S COTTAGE GROVE AVE,OTHER OFFENSE,41.825715566,-87.607796382
HZ456269,09/30/2016 05:30:00 PM,008XX E 75TH ST,ASSAULT,41.75859263,-87.604678889
HZ457101,10/01/2016 09:00:00 AM,072XX S RHODES AVE,MOTOR VEHICLE THEFT,41.763419509,-87.611581254
HZ457674,10/02/2016 12:15:00 AM,066XX S WABASH AVE,CRIMINAL DAMAGE,41.773562599,-87.623946622
HZ458551,10/02/2016 06:38:00 PM,062XX S PRAIRIE AVE,PUBLIC PEACE VIOLATION,41.781086219,-87.618877357
HZ458848,10/02/2016 10:30:00 PM,074XX S COLES AVE,ROBBERY,41.761374517,-87.560047985
HZ459334,10/02/2016 10:30:00 PM,010XX E 41ST PL,THEFT,41.819767809,-87.600302468
HZ463214,10/02/2016 09:00:00 PM,065XX S MINERVA AVE,OTHER OFFENSE,41.775969213,-87.597314933
HZ458801,10/03/2016 12:50:00 AM,073XX S WABASH AVE,CRIMINAL DAMAGE,41.760912265,-87.623198973
HZ458879,10/03/2016 01:00:00 AM,068XX S LAFAYETTE AVE,MOTOR VEHICLE THEFT,41.770020186,-87.626694679
HZ459794,10/03/2016 06:00:00 PM,063XX S STONY ISLAND AVE,SEX OFFENSE,41.780155491,-87.586451255
HZ461256,10/04/2016 09:00:00 AM,050XX S WENTWORTH AVE,MOTOR VEHICLE THEFT,41.802161319,-87.630728134
HZ461215,10/04/2016 07:00:00 PM,074XX S KINGSTON AVE,CRIMINAL DAMAGE,41.759641783,-87.56315489
HZ461359,10/04/2016 08:20:00 PM,050XX S LAKE PARK AVE,BATTERY,41.803386183,-87.58819509
HZ462868,10/05/2016 10:30:00 PM,062XX S MICHIGAN AVE,BATTERY,41.780946398,-87.621995369
HZ463239,10/05/2016 10:30:00 PM,065XX S MINERVA AVE,THEFT,41.776249157,-87.597319064
HZ464982,10/05/2016 04:30:00 PM,074XX S STONY ISLAND AVE,DECEPTIVE PRACTICE,41.760197194,-87.58617327
HZ462960,10/06/2016 01:00:00 AM,063XX S ST LAWRENCE AVE,ROBBERY,41.779611336,-87.610787436
HZ469786,09/17/2016 03:09:00 PM,067XX S STONY ISLAND AVE,DECEPTIVE PRACTICE,41.772882101,-87.586293688
HZ463727,10/06/2016 03:15:00 PM,008XX E 65TH ST,WEAPONS VIOLATION,41.776785504,-87.60526122
HZ464296,10/06/2016 02:30:00 PM,073XX S VINCENNES AVE,OFFENSE INVOLVING CHILDREN,41.760885977,-87.630078996
HZ464281,10/06/2016 09:50:00 PM,062XX S DR MARTIN LUTHER KING JR DR,ASSAULT,41.781576603,-87.615660095
HZ463690,10/06/2016 03:00:00 PM,052XX S WOODLAWN AVE,MOTOR VEHICLE THEFT,41.800482475,-87.59666406
HZ464011,10/06/2016 05:55:00 PM,056XX S WABASH AVE,ASSAULT,41.792062287,-87.624017707
HZ464712,10/07/2016 09:30:00 AM,006XX E 40TH ST,ASSAULT,41.821452898,-87.611150033
HZ464662,10/07/2016 04:00:00 AM,076XX S MICHIGAN AVE,OTHER OFFENSE,41.755978419,-87.621490499
HZ465028,10/07/2016 05:00:00 AM,045XX S COTTAGE GROVE AVE,MOTOR VEHICLE THEFT,41.812310647,-87.606627125
HZ466025,10/08/2016 12:00:00 AM,016XX E 70TH ST,THEFT,41.767890185,-87.585020965
HZ466134,10/08/2016 10:06:00 AM,029XX S FEDERAL ST,CRIMINAL TRESPASS,41.840375885,-87.629033152
HZ466653,10/08/2016 03:00:00 PM,071XX S VINCENNES AVE,THEFT,41.765332603,-87.627981404
HZ467248,10/09/2016 02:00:00 AM,038XX S COTTAGE GROVE AVE,CRIMINAL DAMAGE,41.825756866,-87.60781793
HZ467122,10/09/2016 07:15:00 AM,013XX W 32ND ST,BATTERY,41.836064774,-87.659706652
HZ467293,10/09/2016 09:00:00 AM,047XX S INGLESIDE AVE,OFFENSE INVOLVING CHILDREN,41.808716012,-87.602790672
HZ467905,10/09/2016 10:20:00 PM,005XX E 47TH ST,BATTERY,41.809432638,-87.613280478
HZ467471,10/09/2016 02:07:00 PM,073XX S STATE ST,THEFT,41.761122587,-87.624816714
HZ474631,10/04/2016 12:01:00 AM,051XX S KIMBARK AVE,BURGLARY,41.801816996,-87.595079037
HZ475186,09/22/2016 05:00:00 PM,009XX E 71ST ST,THEFT,41.765820253,-87.60281565
HZ468856,10/10/2016 04:30:00 PM,004XX E 34TH ST,THEFT,41.833139425,-87.615319213
HZ468703,10/10/2016 03:10:00 PM,051XX S MICHIGAN AVE,THEFT,41.801491341,-87.622637403
HZ471646,10/10/2016 04:49:00 PM,075XX S CALUMET AVE,DECEPTIVE PRACTICE,41.757699431,-87.616688526
HZ469361,10/11/2016 01:45:00 AM,045XX S CALUMET AVE,THEFT,41.812441153,-87.618239229
HZ469737,10/11/2016 10:40:00 AM,008XX E 46TH ST,CRIM SEXUAL ASSAULT,41.811361879,-87.605878541
HZ470202,10/11/2016 04:55:00 PM,0000X W 69TH ST,CRIMINAL TRESPASS,41.769185486,-87.625732415
HZ470395,10/11/2016 06:40:00 PM,0000X E 43RD ST,BATTERY,41.816532167,-87.623435939
HZ470901,10/12/2016 08:05:00 AM,043XX S PRINCETON AVE,DECEPTIVE PRACTICE,41.815013426,-87.633533382
HZ470799,10/12/2016 05:00:00 AM,065XX S KENWOOD AVE,THEFT,41.77642161,-87.592980022
HZ479449,10/11/2016 04:50:00 AM,015XX E 74TH ST,CRIMINAL DAMAGE,41.76057985,-87.587202434
HZ473004,10/13/2016 05:20:00 PM,047XX S COTTAGE GROVE AVE,THEFT,41.808981361,-87.606551046
HZ473366,10/13/2016 10:30:00 PM,004XX E 34TH ST,THEFT,41.833139425,-87.615319213
HZ474502,10/14/2016 06:56:00 PM,049XX S DORCHESTER AVE,OTHER OFFENSE,41.805246101,-87.591903697
HZ474627,10/14/2016 08:00:00 PM,002XX W 79TH ST,ASSAULT,41.750837377,-87.631145176
HZ479080,10/14/2016 07:00:00 PM,069XX S CORNELL AVE,THEFT,41.769167875,-87.584423262
HZ475103,10/15/2016 09:20:00 AM,046XX S ST LAWRENCE AVE,THEFT,41.810008546,-87.611469333
HZ475274,10/15/2016 11:40:00 AM,0000X W 76TH ST,CRIMINAL DAMAGE,41.756356166,-87.626668668
HZ475211,10/15/2016 11:11:00 AM,064XX S DR MARTIN LUTHER KING JR DR,CRIMINAL DAMAGE,41.777596767,-87.615561486
HZ475439,10/15/2016 09:30:00 PM,050XX S DORCHESTER AVE,BATTERY,41.803950638,-87.591878288
HZ476857,10/16/2016 05:05:00 PM,003XX W 42ND PL,ASSAULT,41.817259479,-87.635541276
HZ483255,10/11/2016 11:30:00 AM,004XX E 75TH ST,BATTERY,41.758414946,-87.614811344
HZ477688,10/17/2016 10:37:00 AM,006XX E 60TH ST,BATTERY,41.78580337,-87.610061575
HZ479752,10/18/2016 06:20:00 PM,007XX E OAKWOOD BLVD,ROBBERY,41.822728777,-87.608068575
HZ483327,10/19/2016 06:22:00 PM,070XX S CRANDON AVE,OTHER OFFENSE,41.767425113,-87.56981026
HZ482425,10/20/2016 07:30:00 AM,027XX S DR MARTIN LUTHER KING JR DR,MOTOR VEHICLE THEFT,41.843985432,-87.617627512
HZ482913,10/20/2016 07:30:00 AM,076XX S BLACKSTONE AVE,THEFT,41.756396472,-87.588306418
HZ483305,10/21/2016 12:00:00 PM,001XX E 61ST ST,ASSAULT,41.783779397,-87.621696395
HZ483371,10/21/2016 01:45:00 PM,004XX W 35TH ST,THEFT,41.830865961,-87.637415288
HZ483805,10/21/2016 08:02:00 PM,009XX W 31ST ST,BATTERY,41.837981108,-87.651015101
HZ487085,10/21/2016 12:48:00 PM,011XX W 35TH ST,THEFT,41.830644163,-87.653999078
HZ485162,10/22/2016 10:00:00 AM,072XX S BLACKSTONE AVE,THEFT,41.762942698,-87.58847261
HZ485146,10/22/2016 10:44:00 PM,068XX S STATE ST,BATTERY,41.770251578,-87.625053521
HZ485289,10/23/2016 02:20:00 AM,077XX S CORNELL AVE,BATTERY,41.7545741,-87.584482994
HZ488318,10/03/2016 12:01:00 AM,036XX S WELLS ST,DECEPTIVE PRACTICE,41.82862242,-87.632658693
HZ487739,10/24/2016 08:08:00 PM,001XX E 46TH ST,NARCOTICS,41.81110824,-87.622347702
HZ488311,10/25/2016 11:10:00 AM,054XX S BLACKSTONE AVE,ROBBERY,41.797231238,-87.590386121
HZ488812,10/25/2016 05:00:00 PM,053XX S COTTAGE GROVE AVE,ASSAULT,41.797621172,-87.606294343
HZ489070,10/25/2016 08:00:00 PM,045XX S DREXEL BLVD,BATTERY,41.812505323,-87.604434996
HZ489068,10/25/2016 07:44:00 PM,077XX S COLFAX AVE,OTHER OFFENSE,41.754690543,-87.561440265
HZ330784,07/01/2016 03:15:00 AM,048XX S ELLIS AVE,BURGLARY,41.806905753,-87.601648514
HZ489327,10/26/2016 12:06:00 AM,039XX S DR MARTIN LUTHER KING JR DR,WEAPONS VIOLATION,41.823226539,-87.616981893
HZ499085,10/24/2016 09:00:00 AM,054XX S INDIANA AVE,OTHER OFFENSE,41.795533511,-87.620865934
HZ498393,10/19/2016 11:00:00 AM,052XX S DREXEL AVE,DECEPTIVE PRACTICE,41.800163895,-87.603936727
HZ493235,10/28/2016 08:12:00 PM,002XX E 61ST ST,CRIMINAL DAMAGE,41.783810008,-87.61999476
HZ493617,10/29/2016 05:00:00 AM,071XX S RIDGELAND AVE,ROBBERY,41.764818751,-87.582410164
HZ493670,10/29/2016 12:01:00 AM,059XX S CALUMET AVE,ASSAULT,41.786969054,-87.617407672
HZ494164,10/29/2016 02:20:00 PM,010XX E 41ST ST,MOTOR VEHICLE THEFT,41.820254095,-87.600388638
HZ494339,10/29/2016 02:43:00 PM,003XX E 51ST ST,DECEPTIVE PRACTICE,41.802064797,-87.618640688
HZ494564,10/29/2016 04:00:00 PM,076XX S INGLESIDE AVE,ROBBERY,41.755859312,-87.601656868
HZ496394,10/29/2016 01:00:00 AM,026XX S MICHIGAN AVE,THEFT,41.845299973,-87.623382252
HZ496988,10/29/2016 03:00:00 AM,048XX S Drexel Blvd,CRIMINAL DAMAGE,41.806821175,-87.604316037
HZ495024,10/30/2016 06:50:00 AM,078XX S STEWART AVE,BATTERY,41.752289382,-87.63433971
HZ495902,10/30/2016 09:00:00 PM,046XX S LAKE PARK AVE,BATTERY,41.810713018,-87.593656375
HZ501909,10/10/2016 12:00:00 PM,071XX S PRINCETON AVE,BURGLARY,41.764902858,-87.632197783
HZ496329,10/31/2016 10:10:00 AM,065XX S EBERHART AVE,BATTERY,41.776157231,-87.613124884
HZ496432,10/31/2016 11:00:00 AM,063XX S COTTAGE GROVE AVE,THEFT,41.779511964,-87.605912319
HZ497050,10/31/2016 06:11:00 PM,065XX S COTTAGE GROVE AVE,BATTERY,41.776322631,-87.605838376
HZ497299,10/31/2016 08:40:00 PM,016XX E 53RD ST,PUBLIC PEACE VIOLATION,41.79959545,-87.585103309
HZ497343,10/31/2016 10:05:00 PM,052XX S DORCHESTER AVE,ROBBERY,41.800459467,-87.59180851
HZ498367,11/01/2016 04:15:00 PM,014XX E 63RD PL,THEFT,41.779731318,-87.590019871
HZ499008,11/02/2016 05:00:00 AM,075XX S EXCHANGE AVE,BATTERY,41.759012808,-87.560215615
HZ499255,11/02/2016 10:26:00 AM,078XX S CONSTANCE AVE,CRIMINAL DAMAGE,41.752459682,-87.579666374
HZ502025,10/24/2016 02:30:00 PM,052XX S KENWOOD AVE,THEFT,41.80040818,-87.593217433
HZ505830,10/31/2016 09:30:00 AM,007XX E 43RD ST,DECEPTIVE PRACTICE,41.816792881,-87.608062183
HZ501362,11/03/2016 05:27:00 PM,039XX S LAKE PARK AVE,OFFENSE INVOLVING CHILDREN,41.823665846,-87.603072021
HZ501503,11/03/2016 06:35:00 PM,074XX S MARYLAND AVE,CRIMINAL DAMAGE,41.759593809,-87.604169095
HZ501625,11/03/2016 10:30:00 PM,043XX S LANGLEY AVE,CRIMINAL DAMAGE,41.81620715,-87.609176659
HZ501805,11/04/2016 03:00:00 AM,031XX S UNION AVE,INTIMIDATION,41.837210909,-87.643819787
HZ502448,11/04/2016 04:15:00 PM,064XX S DR MARTIN LUTHER KING JR DR,ASSAULT,41.777635185,-87.615561058
HZ502892,11/04/2016 08:30:00 PM,044XX S SHIELDS AVE,OTHER OFFENSE,41.813197868,-87.634624278
HZ502592,11/04/2016 04:00:00 PM,060XX S VERNON AVE,BATTERY,41.784991132,-87.614445021
HZ505776,11/07/2016 06:30:00 AM,005XX E OAKWOOD BLVD,OTHER OFFENSE,41.822679597,-87.61333753
HZ505945,11/07/2016 09:40:00 AM,052XX S COTTAGE GROVE AVE,ROBBERY,41.799978827,-87.606344711
HZ506782,11/07/2016 06:35:00 PM,075XX S EXCHANGE AVE,NARCOTICS,41.759012808,-87.560215615
HZ507056,11/08/2016 12:17:00 AM,078XX S BENNETT AVE,WEAPONS VIOLATION,41.752566947,-87.578448404
HZ505563,11/06/2016 10:06:00 PM,054XX S EAST VIEW PARK,ROBBERY,41.797477535,-87.582681816
HZ507283,11/08/2016 09:13:00 AM,063XX S DR MARTIN LUTHER KING JR DR,BATTERY,41.779043228,-87.615596685
HZ507958,11/08/2016 04:55:00 PM,002XX W 38TH ST,BATTERY,41.825134203,-87.633067291
HZ508008,11/08/2016 07:30:00 AM,056XX S CALUMET AVE,CRIMINAL DAMAGE,41.792367854,-87.617534618
HZ508167,11/08/2016 07:51:00 PM,006XX E 63RD ST,OTHER OFFENSE,41.780336744,-87.610060681
HZ508296,11/09/2016 12:00:00 AM,078XX S OGLESBY AVE,BATTERY,41.752927877,-87.567468028
HZ505726,11/07/2016 01:00:00 AM,068XX S EAST END AVE,MOTOR VEHICLE THEFT,41.770939329,-87.583794126
HZ516349,11/08/2016 06:11:00 PM,016XX E 75TH ST,DECEPTIVE PRACTICE,41.758772251,-87.585229528
HZ208712,03/31/2016 07:40:00 PM,035XX S STATE ST,DECEPTIVE PRACTICE,41.830651986,-87.62664099
HZ510864,11/11/2016 05:20:00 AM,074XX S COLFAX AVE,ASSAULT,41.760272016,-87.562194391
HZ511839,11/11/2016 07:13:00 PM,064XX S DR MARTIN LUTHER KING JR DR,CRIMINAL DAMAGE,41.777799853,-87.615562888
HZ512024,11/11/2016 10:30:00 PM,071XX S INGLESIDE AVE,BATTERY,41.765043168,-87.601882428
HZ512091,11/11/2016 11:00:00 PM,003XX E 73RD ST,BATTERY,41.762040495,-87.616182056
HZ488270,10/22/2016 04:30:00 PM,067XX S CORNELL AVE,THEFT,41.772701185,-87.585060362
HZ512376,11/12/2016 12:30:00 AM,008XX W 29TH ST,CRIMINAL DAMAGE,41.841622806,-87.647339554
HZ513153,11/12/2016 07:19:00 PM,073XX S EVANS AVE,CRIMINAL TRESPASS,41.761248152,-87.606694084
HZ513265,11/12/2016 11:06:00 PM,070XX S EAST END AVE,BATTERY,41.767036006,-87.582809521
HZ514300,11/13/2016 09:00:00 PM,011XX E 48TH ST,ASSAULT,41.807811004,-87.598153658
HZ514374,11/13/2016 11:10:00 PM,021XX E 71ST ST,ROBBERY,41.766102387,-87.573539169
HZ515233,11/14/2016 03:45:00 PM,075XX S HARVARD AVE,ASSAULT,41.757423116,-87.632847291
HZ515531,11/14/2016 07:28:00 PM,073XX S ST LAWRENCE AVE,NARCOTICS,41.761540011,-87.610326786
HZ515744,11/14/2016 07:00:00 PM,042XX S VINCENNES AVE,THEFT,41.817211721,-87.614007749
HZ516939,11/15/2016 10:58:00 PM,068XX S MERRILL AVE,BATTERY,41.770671937,-87.572755746
HZ517426,11/15/2016 08:15:00 PM,002XX E GARFIELD BLVD,THEFT,41.794733492,-87.620192694
HZ517076,11/16/2016 12:01:00 AM,041XX S INDIANA AVE,THEFT,41.819349422,-87.62148247
HZ520237,11/16/2016 05:30:00 PM,049XX S WABASH AVE,DECEPTIVE PRACTICE,41.804847176,-87.624346184
HZ522885,11/10/2016 01:30:00 PM,003XX E 38TH ST,DECEPTIVE PRACTICE,41.825642379,-87.617564012
HZ524569,11/15/2016 12:00:00 AM,017XX E 73RD ST,OTHER OFFENSE,41.762452955,-87.581957586
HZ518498,11/17/2016 04:30:00 AM,039XX S CALUMET AVE,MOTOR VEHICLE THEFT,41.823033098,-87.618528623
HZ519055,11/17/2016 02:35:00 PM,078XX S COTTAGE GROVE AVE,THEFT,41.752130519,-87.605224736
HZ520957,11/17/2016 11:00:00 PM,024XX E 76TH ST,THEFT,41.757193815,-87.564785793
HZ522617,11/18/2016 06:00:00 PM,053XX S DR MARTIN LUTHER KING JR DR,BATTERY,41.797918577,-87.616060907
HZ521921,11/19/2016 01:26:00 PM,064XX S KENWOOD AVE,BATTERY,41.778038231,-87.593016422
HZ522243,11/19/2016 09:30:00 PM,027XX S PRAIRIE AVE,ROBBERY,41.844082493,-87.620437671
HZ523152,11/20/2016 02:00:00 PM,069XX S WABASH AVE,CRIMINAL DAMAGE,41.768451944,-87.623376092
HZ523238,11/20/2016 10:30:00 AM,070XX S MERRILL AVE,THEFT,41.767551121,-87.572671643
HZ526471,11/16/2016 01:30:00 PM,028XX S DR MARTIN LUTHER KING JR DR,THEFT,41.843011059,-87.617601672
HZ524538,11/21/2016 07:55:00 PM,0000X W GARFIELD BLVD,OTHER OFFENSE,41.794623539,-87.627271614
HZ524657,11/21/2016 10:01:00 PM,067XX S OGLESBY AVE,BURGLARY,41.773085006,-87.568335406
HZ524737,11/21/2016 10:10:00 PM,075XX S DANTE AVE,BATTERY,41.758279022,-87.589571104
HZ524850,11/22/2016 07:00:00 AM,029XX S DEARBORN ST,CRIMINAL TRESPASS,41.839804007,-87.627964177
HZ528086,11/24/2016 01:30:00 PM,066XX S WOODLAWN AVE,CRIMINAL DAMAGE,41.774303627,-87.596061859
HZ528813,11/25/2016 07:30:00 AM,058XX S MARYLAND AVE,CRIMINAL DAMAGE,41.788699253,-87.604954085
HZ529122,11/25/2016 09:09:00 PM,029XX S HAYNES CT,NARCOTICS,41.840425342,-87.657826009
HZ529101,11/25/2016 08:06:00 PM,026XX E 75TH ST,NARCOTICS,41.759057313,-87.561120378
HZ529337,11/26/2016 02:30:00 AM,076XX S COLFAX AVE,CRIM SEXUAL ASSAULT,41.756430631,-87.561470724
HZ530259,11/26/2016 09:14:00 PM,028XX S STEWART AVE,ROBBERY,41.842682623,-87.636487207
HZ531207,11/27/2016 06:50:00 PM,056XX S DR MARTIN LUTHER KING JR DR,ROBBERY,41.79254441,-87.615922804
HZ534096,11/21/2016 09:00:00 PM,077XX S STATE ST,THEFT,41.754137211,-87.624633337
HZ535008,11/30/2016 05:19:00 PM,033XX S DR MARTIN LUTHER KING JR DR,THEFT,41.833377744,-87.617008149
HZ535379,11/30/2016 11:23:00 PM,064XX S STONY ISLAND AVE,BATTERY,41.778047465,-87.586387726
HZ539456,11/30/2016 06:00:00 PM,043XX S VINCENNES AVE,MOTOR VEHICLE THEFT,41.815914001,-87.614058955
HZ531517,11/28/2016 05:15:00 AM,058XX S WABASH AVE,BATTERY,41.788760412,-87.623936768
HZ535681,12/01/2016 10:20:00 AM,071XX S EBERHART AVE,BATTERY,41.765109605,-87.612830582
HZ537534,12/01/2016 05:30:00 PM,037XX S UNION AVE,THEFT,41.826344766,-87.643554818
HZ536615,12/02/2016 12:54:00 AM,065XX S RHODES AVE,CRIMINAL TRESPASS,41.776105804,-87.611926629
HZ537105,12/02/2016 12:10:00 PM,078XX S CORNELL AVE,WEAPONS VIOLATION,41.7525869,-87.584432797
HZ537674,12/02/2016 05:30:00 PM,036XX S WELLS ST,DECEPTIVE PRACTICE,41.828347945,-87.632650679
HZ538255,12/02/2016 12:01:00 AM,037XX S UNION AVE,THEFT,41.826621985,-87.643562849
HZ538070,12/03/2016 04:50:00 AM,015XX E 74TH ST,CRIMINAL TRESPASS,41.760578368,-87.58739671
HZ538694,12/03/2016 03:58:00 PM,038XX S DR MARTIN LUTHER KING JR DR,THEFT,41.824675709,-87.617013434
HZ541406,12/05/2016 08:20:00 AM,066XX S PERRY AVE,DECEPTIVE PRACTICE,41.773600901,-87.628385732
HZ544867,12/05/2016 09:00:00 AM,004XX E 33RD ST,DECEPTIVE PRACTICE,41.834650079,-87.616847182
HZ542120,12/06/2016 12:23:00 PM,051XX S LAKE PARK AVE,CRIMINAL TRESPASS,41.802101704,-87.587747851
HZ542732,12/06/2016 09:00:00 PM,032XX S PRAIRIE AVE,THEFT,41.835686337,-87.620644613
HZ541976,12/06/2016 07:30:00 AM,068XX S PERRY AVE,ASSAULT,41.770392272,-87.628296226
HZ545741,12/06/2016 08:00:00 PM,009XX E 75TH ST,THEFT,41.758615868,-87.602288948
HZ543843,12/07/2016 07:00:00 PM,074XX S SOUTH SHORE DR,ASSAULT,41.761484638,-87.55806373
HZ544451,12/07/2016 11:00:00 AM,077XX S INGLESIDE AVE,ASSAULT,41.754168689,-87.601635756
HZ544436,11/27/2016 09:32:00 PM,010XX E HYDE PARK BLVD,OTHER OFFENSE,41.802320535,-87.600860792
HZ550394,11/22/2016 12:01:00 AM,029XX S LOWE AVE,DECEPTIVE PRACTICE,41.840741598,-87.642710292
HZ545085,12/08/2016 05:30:00 PM,072XX S EVANS AVE,MOTOR VEHICLE THEFT,41.763369829,-87.60674712
HZ550226,12/08/2016 01:30:00 PM,006XX E WOODLAND PARK,DECEPTIVE PRACTICE,41.832102222,-87.610090986
HZ538606,12/03/2016 02:25:00 PM,047XX S PRAIRIE AVE,THEFT,41.80843454,-87.619567586
HZ547144,12/10/2016 03:00:00 PM,065XX S ST LAWRENCE AVE,BURGLARY,41.775867582,-87.610701144
HZ547096,12/10/2016 04:15:00 PM,002XX E GARFIELD BLVD,BATTERY,41.794731567,-87.620324735
HZ547816,12/11/2016 06:00:00 AM,0000X W 26TH ST,CRIMINAL DAMAGE,41.845577671,-87.627475027
HZ547982,12/11/2016 01:50:00 PM,024XX S PRINCETON AVE,ROBBERY,41.848733903,-87.634711181
HZ548267,12/11/2016 07:00:00 PM,066XX S STONY ISLAND AVE,BATTERY,41.77491308,-87.586325111
HZ548280,12/11/2016 07:15:00 PM,070XX S EBERHART AVE,OTHER OFFENSE,41.766594486,-87.612865286
HZ548500,12/12/2016 12:51:00 AM,012XX E 53RD ST,CRIMINAL DAMAGE,41.799461623,-87.596239323
HZ548675,12/12/2016 09:10:00 AM,064XX S DR MARTIN LUTHER KING JR DR,ASSAULT,41.777651649,-87.615560874
HZ548909,12/12/2016 11:51:00 AM,054XX S INDIANA AVE,BURGLARY,41.795415492,-87.620863574
HZ549477,12/12/2016 07:15:00 PM,038XX S COTTAGE GROVE AVE,NARCOTICS,41.824377542,-87.607114398
HZ545359,12/09/2016 08:00:00 AM,070XX S JEFFERY BLVD,BATTERY,41.767245969,-87.57632989
HZ550241,12/13/2016 01:30:00 PM,071XX S EUCLID AVE,MOTOR VEHICLE THEFT,41.765619476,-87.578130465
HZ502211,11/04/2016 01:50:00 PM,0000X W 69TH ST,ASSAULT,41.769185486,-87.625732415
HZ551178,12/14/2016 07:02:00 AM,004XX E 41ST ST,OTHER OFFENSE,41.820248497,-87.616020877
HZ551472,12/14/2016 02:45:00 PM,021XX S ARCHER AVE,THEFT,41.853805065,-87.632872093
HZ558113,11/28/2016 12:01:00 AM,032XX S SHIELDS AVE,OTHER OFFENSE,41.835446735,-87.635252013
HZ552176,12/15/2016 05:00:00 AM,025XX E 77TH ST,CRIMINAL DAMAGE,41.755399883,-87.563271576
HZ553134,12/15/2016 08:00:00 PM,035XX S LAKE PARK AVE,BATTERY,41.830821136,-87.607991909
HZ553297,12/16/2016 02:00:00 AM,027XX E 78TH ST,CRIMINAL DAMAGE,41.753652757,-87.558114008
HZ553287,12/16/2016 02:30:00 AM,045XX S MICHIGAN AVE,BATTERY,41.81219574,-87.622915252
HZ553958,12/16/2016 03:27:00 PM,066XX S LANGLEY AVE,BATTERY,41.774351017,-87.608250919
HZ554099,12/16/2016 05:00:00 PM,015XX E 53RD ST,DECEPTIVE PRACTICE,41.799562177,-87.587582914
HZ554248,12/16/2016 07:00:00 PM,007XX E 38TH PL,MOTOR VEHICLE THEFT,41.824977261,-87.608215639
HZ554446,12/16/2016 07:45:00 PM,029XX S WABASH AVE,MOTOR VEHICLE THEFT,41.840442884,-87.625201126
HZ554912,12/16/2016 11:40:00 AM,038XX S LANGLEY AVE,THEFT,41.824497868,-87.61009219
HZ555870,12/16/2016 11:30:00 AM,054XX S CORNELL AVE,CRIMINAL TRESPASS,41.796993404,-87.585452635
HZ559769,12/16/2016 11:30:00 AM,073XX S UNIVERSITY AVE,CRIMINAL DAMAGE,41.761400166,-87.596949979
HZ557266,12/19/2016 01:25:00 PM,076XX S SOUTH SHORE DR,OTHER OFFENSE,41.757814879,-87.554318187
HZ557697,12/19/2016 06:25:00 PM,075XX S STEWART AVE,CRIMINAL DAMAGE,41.757100875,-87.63445976
HZ557593,12/19/2016 04:40:00 PM,051XX S CALUMET AVE,ROBBERY,41.801416973,-87.61773099
HZ558686,12/20/2016 02:30:00 PM,005XX E 79TH ST,THEFT,41.751164599,-87.612198632
HZ559112,12/20/2016 07:40:00 PM,005XX W 32ND ST,ROBBERY,41.836296331,-87.640504962
HZ559536,12/21/2016 08:50:00 AM,075XX S SOUTH SHORE DR,ASSAULT,41.76015578,-87.556752911
HZ560397,12/21/2016 06:30:00 PM,074XX S SOUTH SHORE DR,THEFT,41.761661446,-87.558237537
HZ560493,12/21/2016 08:00:00 PM,026XX S WALLACE ST,BATTERY,41.84501581,-87.641574312
HZ561099,12/22/2016 10:37:00 AM,038XX S DR MARTIN LUTHER KING JR DR,THEFT,41.824675709,-87.617013434
HZ561343,12/22/2016 01:45:00 PM,045XX S COTTAGE GROVE AVE,THEFT,41.812719607,-87.606637175
HZ561926,12/22/2016 07:21:00 PM,045XX S ST LAWRENCE AVE,ASSAULT,41.812253688,-87.611521157
HZ562587,12/22/2016 11:00:00 PM,042XX S WABASH AVE,THEFT,41.817686987,-87.624685155
HZ562474,12/23/2016 09:37:00 AM,068XX S PRAIRIE AVE,DECEPTIVE PRACTICE,41.770346085,-87.618600639
HZ562711,12/23/2016 02:55:00 PM,007XX E 37TH ST,OFFENSE INVOLVING CHILDREN,41.827851531,-87.608377666
HZ563251,12/23/2016 10:50:00 PM,078XX S CORNELL AVE,ROBBERY,41.752864125,-87.584440569
HZ564019,12/24/2016 05:14:00 PM,064XX S COTTAGE GROVE AVE,BATTERY,41.777862393,-87.605872301
HZ564407,12/25/2016 12:30:00 AM,057XX S MICHIGAN AVE,THEFT,41.790369774,-87.622356899
HZ564517,12/25/2016 10:00:00 AM,070XX S HARPER AVE,BATTERY,41.767132385,-87.58791829
HZ564686,12/25/2016 02:30:00 PM,072XX S JEFFERY BLVD,BATTERY,41.76301363,-87.576233024
HZ566113,12/26/2016 05:00:00 PM,073XX S YALE AVE,BATTERY,41.761025461,-87.630898498
HZ566234,12/27/2016 07:39:00 AM,074XX S EUCLID AVE,ASSAULT,41.759966802,-87.577383068
HZ568264,12/28/2016 07:15:00 PM,062XX S MICHIGAN AVE,BATTERY,41.781404777,-87.622008635
JA103100,12/16/2016 01:55:00 PM,068XX S PAXTON AVE,DECEPTIVE PRACTICE,41.770757148,-87.571534016
HZ568796,12/29/2016 11:02:00 AM,036XX S GILES AVE,ASSAULT,41.828696453,-87.619280174
HZ569167,12/29/2016 01:45:00 PM,051XX S LAKE PARK AVE,THEFT,41.802101704,-87.587747851
HZ569638,12/29/2016 05:00:00 PM,051XX S MICHIGAN AVE,ROBBERY,41.801491341,-87.622637403
HZ569894,12/29/2016 02:00:00 PM,069XX S CRANDON AVE,THEFT,41.76908018,-87.569849286
HZ570519,12/29/2016 08:30:00 PM,050XX S INDIANA AVE,THEFT,41.803391597,-87.621061298
HZ505507,11/06/2016 08:57:00 PM,064XX S DR MARTIN LUTHER KING JR DR,INTERFERENCE WITH PUBLIC OFFICER,41.777558327,-87.615558249
HZ569765,12/30/2016 08:10:00 AM,010XX E 79TH ST,ROBBERY,41.751344208,-87.599820806
HZ570433,12/30/2016 05:22:00 PM,057XX S MARYLAND AVE,OTHER OFFENSE,41.790707994,-87.604942346
HZ570750,12/30/2016 10:00:00 PM,070XX S OGLESBY AVE,OTHER OFFENSE,41.766612796,-87.568159374
HZ571311,12/30/2016 03:30:00 PM,066XX S VERNON AVE,ROBBERY,41.774353267,-87.614285206
HZ571618,12/30/2016 11:00:00 AM,035XX S COTTAGE GROVE AVE,ASSAULT,41.830530933,-87.610277459
HZ314496,06/19/2016 03:49:00 PM,032XX S PRAIRIE AVE,WEAPONS VIOLATION,41.836059577,-87.620647811
HZ503804,11/05/2016 04:13:00 PM,002XX W 38TH PL,BATTERY,41.824547102,-87.633095702
